"DEPTH","ZONE","SP","GR","AC","RLLD","RLLS","DEN","RMG","RMN"
1271.625,0,68.4615,115.1669,332.3901,3.3228,3.2357,2.4397,1.9758,2.3129
1271.75,0.008,68.3101,110.3428,336.9851,3.2826,3.1008,2.405,1.9303,2.2555
1271.875,0.017,68.079,104.0277,334.4618,3.3684,3.3565,2.4063,2.0047,2.3241
1272,0.025,67.9482,100.2077,328.2851,3.5603,3.7805,2.48,2.1293,2.4813
1272.125,0.033,68.1837,107.0402,328.2856,3.4949,3.7779,2.4726,2.0821,2.4291
1272.25,0.042,68.6163,113.6969,327.5419,3.4243,3.6213,2.4615,2.0569,2.3927
1272.375,0.05,69.1036,118.8155,326.6765,3.4109,3.4936,2.4754,2.0478,2.3771
1272.5,0.058,69.5462,121.5265,329.5602,3.3662,3.3123,2.4856,1.9827,2.3181
1272.625,0.067,70.0351,120.3296,343.776,3.173,3.0407,2.4463,1.8154,2.1447
1272.75,0.075,70.1921,119.1291,346.9295,3.1414,2.9604,2.4976,1.7953,2.1273
1272.875,0.083,70.1738,118.9025,344.9622,3.1574,3.0128,2.5254,1.8082,2.1327
1273,0.092,70.142,119.6914,344.7047,3.1543,2.9787,2.4708,1.8058,2.1261
1273.125,0.1,70.0819,119.3276,348.6572,3.1288,3.0616,2.4587,1.7801,2.1087
1273.25,0.109,69.9833,117.19,344.9466,3.1597,3.1667,2.4754,1.8132,2.1236
1273.375,0.117,69.9427,114.2081,339.3493,3.2345,3.3057,2.4878,1.8729,2.1695
1273.5,0.125,69.9861,111.7105,337.5747,3.2664,3.4489,2.48,1.8947,2.1972
1273.625,0.134,69.9126,110.6989,337.3131,3.2799,3.4496,2.4656,1.8996,2.1998
1273.75,0.142,69.8497,109.8693,333.9913,3.3208,3.422,2.4476,1.9465,2.2506
1273.875,0.15,69.7784,109.4155,333.6325,3.3269,3.3627,2.4324,1.9472,2.2513
1274,0.159,69.6966,110.4145,338.3191,3.2484,3.2162,2.4634,1.8806,2.1739
1274.125,0.167,69.6103,116.8057,341.6152,3.1782,3.0895,2.4819,1.8211,2.1313
1274.25,0.175,69.6353,117.7461,336.7295,3.2473,3.1837,2.4884,1.8696,2.1876
1274.375,0.184,69.7439,114.5817,327.7827,3.43,3.6383,2.5184,2.0176,2.3457
1274.5,0.192,69.7467,109.5374,319.654,3.7777,4.2055,2.5282,2.2495,2.5868
1274.625,0.2,69.7411,107.4075,312.3041,4.0295,4.0992,2.4967,2.4928,2.8744
1274.75,0.209,69.5908,109.6838,312.3986,3.8977,3.911,2.4791,2.4644,2.8272
1274.875,0.217,69.4822,112.594,317.5108,3.6948,3.6741,2.4878,2.2641,2.6101
1275,0.225,69.5295,113.2614,325.6071,3.4763,3.4423,2.4837,2.0618,2.3845
1275.125,0.234,69.9388,104.9512,333.8814,3.3593,3.2883,2.4563,1.9621,2.2668
1275.25,0.242,70.3285,100.032,335.8008,3.3857,3.359,2.4393,1.96,2.2763
1275.375,0.25,70.647,98.896,335.5165,3.3947,3.3696,2.4208,1.9745,2.2897
1275.5,0.259,70.8547,101.9289,335.393,3.3456,3.2407,2.4356,1.9459,2.2648
1275.625,0.267,70.8364,113.0847,339.1061,3.2316,3.0744,2.4565,1.8553,2.1561
1275.75,0.275,70.813,117.6855,341.0721,3.1928,2.9693,2.4856,1.8187,2.1338
1275.875,0.284,70.7061,119.5777,340.853,3.1925,2.9046,2.5036,1.8115,2.1283
1276,0.292,70.4204,120.4607,338.4224,3.2212,2.9995,2.4893,1.8358,2.1488
1276.125,0.301,69.6548,115.2559,328.4932,3.4036,3.264,2.501,2.0038,2.337
1276.25,0.309,69.0729,109.6917,318.0656,3.7757,3.9667,2.5347,2.281,2.6457
1276.375,0.317,68.7043,105.1776,306.2576,4.3283,4.9208,2.5712,2.806,3.2031
1276.5,0.326,68.5607,103.8154,294.8022,4.9544,5.7158,2.5968,3.3108,3.8041
1276.625,0.334,68.7695,113.1603,294.943,4.964,6.1678,2.5366,3.2563,3.6665
1276.75,0.342,69.0312,120.0957,300.7751,4.6243,5.5971,2.4939,2.9359,3.3034
1276.875,0.351,69.255,124.2977,308.9344,4.158,4.5827,2.4723,2.5345,2.9407
1277,0.359,69.4237,124.7458,318.4181,3.7481,3.6685,2.4634,2.1769,2.5654
1277.125,0.367,69.3374,113.1973,331.6499,3.3952,3.4706,2.4587,1.9698,2.303
1277.25,0.376,69.2093,104.3176,338.1362,3.3494,3.5182,2.4986,1.9023,2.2132
1277.375,0.384,69.1938,98.5185,340.211,3.3688,3.546,2.5397,1.91,2.221
1277.5,0.392,69.2622,96.9921,337.3117,3.4148,3.5045,2.5152,1.9523,2.2855
1277.625,0.401,69.627,105.7252,334.4438,3.3646,3.211,2.4926,1.9417,2.2731
1277.75,0.409,69.8218,109.451,331.5467,3.4106,3.3128,2.5078,1.9756,2.3076
1277.875,0.417,69.7996,108.3589,326.6021,3.5598,3.7035,2.4773,2.075,2.4332
1278,0.426,69.5462,103.2335,320.8775,3.7983,3.9332,2.4541,2.2465,2.6462
1278.125,0.434,69.495,95.7475,335.0478,3.4754,3.6251,2.4032,1.9923,2.3548
1278.25,0.442,69.6604,94.6646,343.0671,3.3224,3.326,2.3448,1.8763,2.2114
1278.375,0.451,69.9722,95.6406,345.0757,3.2239,2.9222,2.335,1.8306,2.1805
1278.5,0.459,70.3202,96.1775,343.9331,3.2067,2.5906,2.3615,1.8229,2.1749
1278.625,0.467,70.5975,93.672,345.6518,3.215,2.8449,2.4083,1.842,2.1872
1278.75,0.476,70.6793,92.53,346.2415,3.2146,2.8322,2.4828,1.84,2.1876
1278.875,0.484,70.6571,93.8116,345.2631,3.2031,2.787,2.4602,1.8348,2.1859
1279,0.492,70.6487,98.0787,346.9822,3.1322,2.7998,2.3429,1.7711,2.1325
1279.125,0.501,70.5468,110.5582,355.4839,2.949,2.7088,2.4309,1.637,2.0044
1279.25,0.509,70.1114,117.5997,358.289,2.9224,2.7357,2.3689,1.6115,1.9841
1279.375,0.518,69.6548,121.4054,358.6361,2.93,2.8431,2.3429,1.6098,1.9804
1279.5,0.526,69.2066,122.7613,357.5199,2.9404,2.9947,2.4133,1.6133,1.9902
1279.625,0.534,68.5089,117.3954,349.1694,3.0367,3.1285,2.3763,1.6787,2.0527
1279.75,0.543,68.3212,113.0727,349.2132,3.045,3.2266,2.3967,1.6787,2.0531
1279.875,0.551,68.3001,109.5576,354.4034,2.9831,3.2779,2.4004,1.6421,2.0103
1280,0.559,68.3435,107.0188,358.0359,2.9514,3.2954,2.393,1.6285,1.9906
1280.125,0.568,68.466,107.3333,359.609,2.9147,3.1627,2.4119,1.6111,1.9762
1280.25,0.576,68.4744,110.0317,361.4523,2.8796,3.0216,2.3763,1.5952,1.9551
1280.375,0.584,68.4448,113.035,360.4027,2.8803,2.8665,2.3628,1.5909,1.9555
1280.5,0.593,68.3713,113.6485,355.353,2.9204,2.7479,2.3893,1.6123,1.9822
1280.625,0.601,68.7405,101.9426,349.4207,3.0074,2.7352,2.488,1.6867,2.0487
1280.75,0.609,68.9755,94.1728,350.4625,3.0206,2.8303,2.4875,1.7201,2.0741
1280.875,0.618,69.2066,89.9126,354.4562,3.0002,2.9007,2.4537,1.7043,2.0459
1281,0.626,69.5963,89.3922,358.3135,2.9605,2.8817,2.4411,1.6807,2.0058
1281.125,0.634,69.6826,102.1718,354.6753,2.9229,2.8556,2.4332,1.6315,1.9849
1281.25,0.643,69.9026,112.4033,356.3763,2.8878,2.8728,2.3707,1.6007,1.9631
1281.375,0.651,70.3898,120.0365,362.6119,2.8273,2.7394,2.3194,1.5618,1.9173
1281.5,0.659,70.8436,124.0488,366.957,2.7953,2.535,2.304,1.5331,1.8851
1281.625,0.668,71.509,120.2176,368.8729,2.7526,2.3758,2.2629,1.5175,1.8679
1281.75,0.676,71.818,116.3882,374.3265,2.7049,2.2929,2.2892,1.4994,1.8431
1281.875,0.684,71.7807,112.3026,376.8043,2.6678,2.2198,2.3572,1.4914,1.8344
1282,0.693,71.4617,108.0306,370.1264,2.704,2.2213,2.4078,1.5037,1.8463
1282.125,0.701,70.3686,101.837,357.6003,2.8415,2.547,2.4269,1.5913,1.9319
1282.25,0.71,69.6799,99.1254,353.1393,2.9071,2.6853,2.4661,1.644,1.9797
1282.375,0.718,69.0868,98.4968,347.6427,3.0048,2.856,2.4958,1.708,2.0316
1282.5,0.726,68.5217,98.5491,340.2626,3.1395,3.1323,2.5115,1.8014,2.1382
1282.625,0.735,68.2099,95.0391,335.8861,3.3609,3.8663,2.5264,1.9067,2.2801
1282.75,0.743,68.2878,93.0831,329.602,3.5354,4.1099,2.531,2.0599,2.4788
1282.875,0.751,68.7372,93.152,324.3921,3.6284,4.0015,2.548,2.1759,2.5974
1283,0.76,69.4014,95.6605,325.6857,3.5068,3.6948,2.5171,2.1117,2.5219
1283.125,0.768,70.838,105.9708,344.8988,3.0367,2.9954,2.3674,1.7172,2.0581
1283.25,0.776,71.4505,112.6777,355.7706,2.8632,2.7027,2.3235,1.5963,1.9421
1283.375,0.785,71.6538,117.2034,360.5432,2.8054,2.5336,2.3531,1.5676,1.9108
1283.5,0.793,71.6565,119.3925,359.6894,2.8189,2.4049,2.4597,1.5738,1.9221
1283.625,0.801,70.4494,113.4016,354.7633,2.879,2.5744,2.4026,1.6093,1.9551
1283.75,0.81,69.6799,106.4804,349.6259,2.9738,2.8596,2.3763,1.6824,2.0129
1283.875,0.818,69.2149,99.866,344.4573,3.102,3.1427,2.3791,1.7626,2.1014
1284,0.826,69.162,95.4694,341.4787,3.1939,3.2633,2.4689,1.8373,2.1838
1284.125,0.835,69.8096,100.2812,341.853,3.1515,3.2116,2.4313,1.7909,2.1528
1284.25,0.843,70.3508,104.355,347.0768,3.0609,3.0772,2.3856,1.7188,2.0649
1284.375,0.851,70.5875,105.9646,353.2995,2.9646,2.9003,2.4467,1.6626,1.9988
1284.5,0.86,70.2645,104.5541,355.3112,2.9355,2.7762,2.5023,1.6518,1.9816
1284.625,0.868,69.5239,104.1872,348.1792,3.0531,2.991,2.4439,1.7198,2.0601
1284.75,0.876,68.9727,108.0729,341.8657,3.1395,3.179,2.4532,1.7725,2.1336
1284.875,0.885,68.5969,113.1089,336.1473,3.2479,3.2835,2.4402,1.8545,2.2515
1285,0.893,68.427,117.0956,334.388,3.2778,3.3076,2.3744,1.8865,2.2954
1285.125,0.902,68.6136,123.4246,341.7012,3.1617,3.2201,2.3976,1.7856,2.1681
1285.25,0.91,68.75,128.7032,343.9418,3.153,3.1554,2.342,1.7719,2.1453
1285.375,0.918,68.8112,131.9007,344.5921,3.155,3.1415,2.3461,1.7793,2.1487
1285.5,0.927,68.6665,130.3832,344.0241,3.1739,3.2039,2.4523,1.7875,2.157
1285.625,0.935,67.9203,113.631,333.8353,3.3458,3.4926,2.4,1.9397,2.3503
1285.75,0.943,67.3301,106.059,325.7642,3.6059,3.4499,2.4282,2.1347,2.597
1285.875,0.952,66.6775,104.6829,320.4573,3.8559,3.3104,2.4204,2.2908,2.8043
1286,0.96,66.1552,107.2809,322.3541,3.7613,3.1729,2.3133,2.2345,2.7276
1286.125,0.968,65.1624,117.5844,328.3441,3.5886,3.1036,2.455,2.1084,2.5874
1286.25,0.977,63.541,121.4762,324.1047,3.766,3.3316,2.443,2.2112,2.7143
1286.375,0.985,61.3889,119.7416,317.0221,4.0831,3.6345,2.388,2.4414,3.0216
1286.5,0.993,58.293,112.8547,309.6789,4.5215,4.0444,2.4597,2.7351,3.4347
1286.625,1.005,48.8438,96.6598,280.6872,6.4212,7.1426,2.4467,4.0846,5.1387
1286.75,1.028,43.156,87.0579,264.1939,8.4301,10.0716,2.455,5.146,6.6713
1286.875,1.051,38.9966,79.6685,255.125,11.434,13.5985,2.4828,5.9665,8.0413
1287,1.074,35.7698,73.7709,248.4673,16.6677,19.5039,2.5004,6.4383,8.9015
1287.125,1.097,36.4675,78.6857,249.5422,17.9034,21.275,2.4754,6.4023,9.1201
1287.25,1.12,38.2337,85.9389,256.7274,12.5993,15.314,2.4467,5.6955,7.7374
1287.375,1.144,40.2505,92.8724,266.2362,8.1745,9.9735,2.3972,4.8706,6.2857
1287.5,1.167,42.073,97.6046,275.9971,6.6769,7.5644,2.3244,4.2045,5.2648
1287.625,1.19,41.7428,101.6046,289.313,5.8991,6.3448,2.3229,3.6835,4.6452
1287.75,1.213,40.5779,103.3738,293.0837,5.7252,6.2538,2.3161,3.5458,4.4669
1287.875,1.236,39.4966,103.9458,292.4173,5.8172,6.5728,2.3146,3.5819,4.5088
1288,1.259,38.9047,103.6892,291.2495,5.9032,6.7419,2.3226,3.6244,4.5397
1288.125,1.282,38.6569,102.2593,288.0728,6.3456,7.6219,2.3327,3.7649,4.7968
1288.25,1.306,39.417,99.934,285.7841,6.7033,8.3022,2.342,3.8995,4.969
1288.375,1.329,40.8201,97.3486,284.4188,6.7671,8.1952,2.368,3.9649,5.0894
1288.5,1.352,42.4516,95.9068,285.348,6.5654,7.5691,2.3985,3.9182,5.0459
1288.625,1.375,46.2173,100.3897,288.6877,6.3012,7.3409,2.3276,3.7711,4.8003
1288.75,1.398,48.8967,103.9489,293.3195,5.8681,6.692,2.3096,3.5706,4.4968
1288.875,1.421,50.8372,105.7395,299.4107,5.4571,5.824,2.3457,3.3285,4.1425
1289,1.444,52.246,105.8097,304.6299,5.1157,5.1175,2.3874,3.1141,3.887
1289.125,1.468,54.2939,107.8374,311.1408,4.7276,4.4309,2.4139,2.8135,3.5457
1289.25,1.491,54.6152,109.0088,310.2919,4.7454,4.4019,2.4356,2.823,3.5724
1289.375,1.514,53.8301,107.8677,304.9542,5.0161,4.8506,2.4269,3.0499,3.8423
1289.5,1.537,52.6692,103.2715,298.7481,5.4706,5.4671,2.4004,3.3771,4.1709
1289.625,1.56,50.9776,92.7787,282.944,7.2214,8.6935,2.425,4.0852,5.3367
1289.75,1.583,50.9402,89.2335,275.6616,8.3359,10.2308,2.4235,4.3878,5.8301
1289.875,1.606,52.222,89.7015,276.4041,7.8894,9.6123,2.4248,4.3449,5.7021
1290,1.63,54.2338,92.8626,282.1589,6.7772,7.6935,2.443,4.0605,5.2794
1290.125,1.653,58.5146,106.8672,298.1972,5.4083,5.3253,2.4198,3.3217,4.1166
1290.25,1.676,60.9184,115.2391,307.6065,4.7654,4.2841,2.4235,2.8785,3.6057
1290.375,1.699,62.37,119.3701,314.7824,4.424,3.8515,2.4093,2.6171,3.2738
1290.5,1.722,63.4992,120.1202,322.9241,4.0409,3.561,2.3726,2.3904,2.95
1290.625,1.745,64.5043,112.9033,321.0659,4.1974,3.6972,2.4615,2.4607,3.0737
1290.75,1.769,64.6268,107.5045,317.6209,4.4552,4.0618,2.4624,2.5918,3.2594
1290.875,1.792,64.5694,104.3483,318.5649,4.4711,4.1113,2.4454,2.6005,3.2582
1291,1.815,64.5015,105.3148,323.1378,4.1772,3.708,2.493,2.4492,3.0411
1291.125,1.838,63.5187,121.4717,323.8941,3.9969,3.3161,2.3896,2.3536,2.9047
1291.25,1.861,62.483,131.0815,326.2557,3.8786,3.1634,2.367,2.2825,2.7926
1291.375,1.884,60.7374,135.5205,327.0013,3.8678,3.3125,2.3902,2.264,2.7846
1291.5,1.907,58.0591,134.7161,321.4991,4.1132,3.8437,2.4133,2.4113,2.9788
1291.625,1.931,52.7499,128.117,298.9107,5.1817,5.5169,2.372,3.1796,3.8943
1291.75,1.954,49.7487,128.2499,287.1465,5.7587,6.6698,2.3578,3.5484,4.4737
1291.875,1.977,47.7625,132.6807,281.2605,6.1345,7.4412,2.3518,3.7768,4.7267
1292,2,46.082,138.875,278.9502,6.3013,7.7943,2.3281,3.875,4.8239
1292.125,2.031,42.926,136.221,275.5958,6.9975,9.2385,2.3559,4.0933,5.0356
1292.25,2.062,40.9538,126.2433,271.9173,7.831,10.359,2.3809,4.2371,5.3266
1292.375,2.094,39.4827,114.5825,268.3952,8.2375,10.6655,2.3976,4.4213,5.6051
1292.5,2.125,37.8634,106.0706,267.0538,7.9735,10.0151,2.4189,4.4747,5.693
1292.625,2.156,33.5103,103.5967,272.7489,7.6496,9.7993,2.3568,4.2206,5.4005
1292.75,2.188,30.5246,100.3823,275.9455,8.1831,10.6464,2.2883,4.1919,5.4739
1292.875,2.219,28.3363,94.5825,277.605,9.5364,12.3392,2.2295,4.2701,5.7005
1293,2.25,27.3285,88.0043,278.2598,12.0877,15.1397,2.2132,4.3131,6.0416
1293.125,2.281,33.9824,96.5407,283.0226,9.7099,12.6148,2.2725,4.1143,5.5381
1293.25,2.312,40.2939,109.8277,286.6133,6.8916,8.9947,2.355,3.7764,4.8325
1293.375,2.344,46.2502,121.7457,289.5186,5.7205,6.5949,2.4541,3.5018,4.4023
1293.5,2.375,51.8172,126.5355,292.4755,5.3759,5.4897,2.5338,3.3396,4.1661
1293.625,2.406,57.2796,117.0362,293.905,5.3162,5.0101,2.4952,3.3166,4.1499
1293.75,2.438,59.0447,113.0984,293.9779,5.3976,5.2075,2.4541,3.3572,4.207
1293.875,2.469,59.7073,112.8559,293.677,5.5019,5.5963,2.4532,3.394,4.2629
1294,2.5,60.2307,114.087,294.4828,5.5069,5.7968,2.4708,3.373,4.239
1294.125,2.531,61.1801,121.5442,297.7112,5.2716,5.4869,2.455,3.2191,3.9879
1294.25,2.562,62.0793,127.4665,301.119,5.0454,5.2207,2.4837,3.1015,3.8262
1294.375,2.594,62.9702,130.7446,305.7208,4.8391,4.9737,2.5152,2.9488,3.6774
1294.5,2.625,63.8556,130.3587,309.3914,4.6964,4.7133,2.5282,2.8184,3.531
1294.625,2.656,65.124,125.0802,307.7489,4.7443,4.4938,2.5236,2.8561,3.5779
1294.75,2.688,65.7599,123.4755,306.9063,4.7775,4.4114,2.4745,2.8799,3.6178
1294.875,2.719,66.2499,123.7789,306.8207,4.7721,4.3367,2.4309,2.8713,3.6076
1295,2.75,66.7343,124.7593,307.5242,4.7167,4.1603,2.493,2.8398,3.5648
1295.125,2.781,67.0116,121.313,309.3172,4.6851,4.1499,2.4554,2.8059,3.5314
1295.25,2.812,66.8707,116.7312,310.1346,4.6838,4.1523,2.4087,2.7947,3.5498
1295.375,2.844,66.3629,113.1472,310.5633,4.7091,4.1716,2.43,2.8044,3.5627
1295.5,2.875,65.5372,112.8436,308.6372,4.8103,4.2545,2.4541,2.8861,3.6307
1295.625,2.906,64.1184,120.2314,301.1582,4.9938,4.7132,2.4513,3.062,3.8378
1295.75,2.938,63.5187,123.1361,297.9901,5.125,4.9305,2.4615,3.1492,3.9089
1295.875,2.969,63.3533,122.75,296.1744,5.2019,5.0716,2.4884,3.202,3.9823
1296,3,63.3823,120.3321,294.6032,5.2757,5.16,2.5134,3.2545,4.0775
1296.125,3.045,63.3333,119.7717,291.94,5.3921,5.3427,2.5208,3.3337,4.1907
1296.25,3.089,63.0064,119.7104,289.2434,5.4785,5.4322,2.5245,3.414,4.2927
1296.375,3.134,62.4541,118.1434,285.8745,5.5835,5.5204,2.5406,3.4901,4.4138
1296.5,3.179,61.7174,114.2328,282.697,5.7431,5.6838,2.5523,3.6033,4.5615
1296.625,3.223,60.4339,106.0408,287.0728,5.8238,5.7116,2.4782,3.5835,4.5533
1296.75,3.268,59.6655,102.8703,291.4559,5.7426,5.4516,2.4652,3.5178,4.4458
1296.875,3.313,58.8097,101.5565,295.4207,5.6846,5.3102,2.4745,3.4407,4.3509
1297,3.357,57.4466,100.2714,297.3648,5.6829,5.355,2.4523,3.4181,4.3104
1297.125,3.402,50.8345,96.251,292.9104,6.0443,5.9376,2.3276,3.6048,4.6533
1297.25,3.446,46.7224,95.3708,291.5002,6.2574,6.5978,2.2698,3.6795,4.7543
1297.375,3.491,45.4044,97.799,291.4073,6.2452,6.8615,2.259,3.6506,4.6988
1297.5,3.536,46.366,103.3891,290.7409,5.9714,6.5506,2.3096,3.5867,4.5519
1297.625,3.58,53.971,113.8463,293.5352,5.5137,5.855,2.4408,3.3608,4.2495
1297.75,3.625,59.4178,119.1108,296.2739,5.2246,5.1727,2.4504,3.2061,4.014
1297.875,3.67,62.5677,122.9107,297.5147,5.0707,4.5242,2.46,3.1019,3.8928
1298,3.714,63.7943,127.061,298.9053,4.9693,4.1848,2.5375,3.0354,3.7999
1298.125,3.759,63.5421,131.8261,302.9917,4.7882,4.1268,2.5045,2.9175,3.6724
1298.25,3.804,62.8505,130.8506,300.6386,4.8783,4.2564,2.4884,2.9888,3.7446
1298.375,3.848,61.6495,126.5098,294.6187,5.1298,4.5597,2.4943,3.155,3.9755
1298.5,3.893,59.8298,120.6922,286.7534,5.4087,5.0215,2.4875,3.4018,4.2927
1298.625,3.938,54.3925,112.4069,273.4258,6.0921,6.2994,2.4865,3.824,4.8083
1298.75,3.982,50.0911,107.891,266.1558,6.6696,7.3746,2.5041,4.1332,5.2618
1298.875,4.019,45.6477,103.3768,260.4041,7.3757,8.5007,2.5273,4.5183,5.8447
1299,4.05,40.1742,97.1636,254.5113,8.2887,9.642,2.5393,5.0342,6.633
1299.125,4.081,26.0116,84.727,249.4931,10.9986,12.576,2.4915,5.5097,7.431
1299.25,4.113,16.0029,78.1687,250.1834,12.0678,13.7005,2.443,5.3481,7.4714
1299.375,4.144,7.3684,75.4875,253.3504,11.2881,12.7737,2.4152,5.1592,7.3033
1299.5,4.175,-0.98,76.194,256.8232,9.6437,10.637,2.4189,4.9585,7.0163
1299.625,4.206,-14.8881,82.132,264.5791,8.2819,9.1082,2.3137,4.465,6.0865
1299.75,4.238,-24.5778,82.5463,270.469,7.8622,8.5589,2.2318,4.2139,5.7365
1299.875,4.269,-33.6038,79.1671,276.1081,7.985,8.6505,2.1679,4.0798,5.5959
1300,4.3,-43.0696,74.37,281.4023,8.5459,9.2858,2.1132,3.9627,5.5937
1300.125,4.331,-57.7166,71.742,278.4527,9.462,10.6713,2.1113,4.0204,5.7635
1300.25,4.363,-65.3227,70.7237,267.6226,10.3156,11.712,2.2299,4.3023,6.2399
1300.375,4.394,-70.039,68.5763,254.0027,11.4171,12.7046,2.3957,5.0533,7.1772
1300.5,4.425,-73.5942,64.3752,241.1874,13.0048,13.8781,2.5356,5.8054,7.9268
1300.625,4.456,-77.4769,58.6234,218.9769,16.069,16.6689,2.6585,6.6069,9.7515
1300.75,4.488,-79.2236,58.2085,215.9106,16.6931,17.3586,2.657,6.7105,10.2892
1300.875,4.519,-79.9809,60.7096,224.7757,15.6272,16.3912,2.5556,6.4931,9.1904
1301,4.55,-80.4152,65.0624,237.2613,13.5115,14.3322,2.4263,6.0789,8.2643
1301.125,4.581,-81.036,70.853,257.8091,10.3523,11.5162,2.1929,4.8565,6.8998
1301.25,4.613,-81.2198,70.2956,272.3399,9.3838,10.3741,2.0715,4.1235,5.9426
1301.375,4.644,-81.1112,66.553,284.8898,9.2631,9.8827,2.0391,3.8708,5.6106
1301.5,4.675,-80.5433,62.3551,295.1536,9.5926,9.8728,2.0391,3.7716,5.5134
1301.625,4.706,-76.5632,58.1769,293.9748,10.2422,10.6553,2.0798,3.78,5.6596
1301.75,4.738,-71.9962,55.7309,284.1748,11.2496,12.2335,2.178,3.8737,5.9222
1301.875,4.769,-66.1552,53.6772,272.0126,13.3211,14.8787,2.3137,4.1054,6.3191
1302,4.8,-58.7328,52.0798,262.9016,15.585,17.9408,2.48,4.5047,6.9192
1302.125,4.831,-40.1447,56.2491,259.4288,16.5773,19.2307,2.4069,4.6872,7.3357
1302.25,4.863,-26.148,63.2035,262.1387,14.6158,17.1956,2.317,4.6355,6.8684
1302.375,4.894,-12.172,73.0233,270.4726,10.6807,12.4646,2.3118,4.203,6.133
1302.5,4.925,3.0514,85.1806,282.0853,7.1181,7.5625,2.4282,3.9092,5.2573
1302.625,4.956,27.9661,106.855,292.2519,5.5121,5.2965,2.5186,3.3835,4.3027
1302.75,4.988,41.1848,117.1887,295.8354,5.0954,4.5051,2.5319,3.134,3.9786
1302.875,5.01,48.7408,122.3178,297.0307,5.0015,4.3327,2.526,3.0588,3.8534
1303,5.028,53.0255,124.5388,295.8783,5.018,4.4797,2.4819,3.0765,3.8984
1303.125,5.045,55.1776,119.5346,286.4254,5.4648,5.6714,2.3994,3.3977,4.3189
1303.25,5.063,55.4644,115.4388,283.7916,5.6807,6.2581,2.3698,3.5237,4.4903
1303.375,5.08,55.1793,112.7497,283.4464,5.8068,6.6279,2.3333,3.567,4.5686
1303.5,5.097,54.7294,111.9874,282.1688,6.0182,7.116,2.3003,3.6185,4.644
1303.625,5.115,54.5317,113.0053,283.1909,5.9961,7.2163,2.38,3.5901,4.6072
1303.75,5.132,54.9549,113.7183,284.0999,5.8028,6.7211,2.4272,3.5495,4.5465
1303.875,5.149,55.5952,114.1987,284.5168,5.6677,6.1123,2.4523,3.5025,4.4816
1304,5.167,56.1493,114.3786,284.3406,5.5822,5.8044,2.4504,3.4873,4.4525
1304.125,5.184,55.7105,107.9947,283.8075,5.8559,6.3757,2.3754,3.5863,4.6044
1304.25,5.201,55.3224,102.6902,285.337,5.9913,6.4917,2.3383,3.6264,4.6768
1304.375,5.219,55.3641,99.6881,287.5776,6.0168,6.2631,2.3402,3.6173,4.6724
1304.5,5.236,55.9822,100.1146,288.8443,5.895,5.9335,2.3652,3.5746,4.5988
1304.625,5.253,58.7969,103.5446,289.3443,5.6877,5.5839,2.4463,3.4968,4.446
1304.75,5.271,60.6734,103.9336,289.1599,5.6191,5.2805,2.4782,3.4788,4.4223
1304.875,5.288,61.8438,104.1939,288.5133,5.5832,5.0464,2.4893,3.474,4.4271
1305,5.306,62.4858,106.5569,287.94,5.5275,4.9885,2.5171,3.448,4.3887
1305.125,5.323,62.6807,112.7044,290.1458,5.2926,4.7752,2.5282,3.3054,4.206
1305.25,5.34,62.4468,113.4445,292.3613,5.2104,4.5569,2.5014,3.2324,4.1153
1305.375,5.358,61.4991,110.5814,293.7143,5.2301,4.5103,2.4537,3.225,4.1162
1305.5,5.375,59.0892,105.2192,294.1683,5.4078,4.8123,2.3874,3.3133,4.2318
1305.625,5.392,50.3762,96.1015,293.6303,6.0121,6.0949,2.2534,3.5414,4.6034
1305.75,5.41,45.9929,95.7193,293.8257,6.1446,6.5511,2.2049,3.5631,4.6567
1305.875,5.427,44.445,101.4789,293.9066,5.916,6.5389,2.2327,3.4783,4.4772
1306,5.444,45.0018,110.6276,292.9055,5.6055,6.3537,2.3226,3.3594,4.2967
1306.125,5.462,52.4297,119.2602,291.0204,5.2848,5.4511,2.4435,3.2618,4.1314
1306.25,5.479,56.6365,118.0517,290.0038,5.2331,5.1058,2.4828,3.2814,4.1353
1306.375,5.497,58.5463,112.5564,288.5543,5.3486,4.9894,2.4862,3.3447,4.2664
1306.5,5.514,58.9946,106.3818,287.0532,5.5164,4.963,2.4689,3.4452,4.4125
1306.625,5.531,54.554,103.4056,284.4684,5.6791,5.3152,2.4378,3.5595,4.5503
1306.75,5.549,49.2058,104.0138,280.9378,5.9026,6.136,2.4115,3.6679,4.6939
1306.875,5.566,43.3776,104.6431,277.4404,6.2781,7.3378,2.3726,3.7787,4.8218
1307,5.583,37.5015,103.2825,274.8692,6.9884,8.7959,2.3114,3.899,5.026
1307.125,5.601,33.4524,98.3772,278.7795,7.7556,9.9545,2.299,3.8902,5.1581
1307.25,5.618,36.0399,99.1867,283.364,6.8974,8.5707,2.3161,3.7594,4.9493
1307.375,5.635,41.7344,103.3523,288.6968,5.9304,6.7098,2.3874,3.5393,4.5623
1307.5,5.653,48.5209,109.1907,293.5886,5.3984,5.4219,2.5171,3.2915,4.2048
1307.625,5.67,58.8821,120.9535,298.3696,4.9402,4.4354,2.4109,3.0038,3.8221
1307.75,5.688,62.9897,126.4596,302.969,4.7067,3.9817,2.4004,2.8325,3.6383
1307.875,5.705,64.4163,129.0651,305.7163,4.6169,3.8454,2.4758,2.7472,3.5525
1308,5.722,64.83,130.5155,305.109,4.616,3.9002,2.506,2.7569,3.5678
1308.125,5.74,64.1991,127.0126,297.7093,4.8971,4.4439,2.4217,2.9643,3.789
1308.25,5.757,63.5048,120.231,294.2101,5.0909,5.0558,2.4069,3.1278,3.9901
1308.375,5.774,62.8811,112.2532,292.2164,5.3834,5.6854,2.3935,3.2804,4.2058
1308.5,5.792,62.4691,105.9506,290.8712,5.7034,6.234,2.3781,3.4305,4.4043
1308.625,5.809,62.7325,106.3147,292.6126,5.5892,5.9466,2.4272,3.366,4.3337
1308.75,5.826,63.1651,111.0006,295.9349,5.3104,5.4582,2.4439,3.2013,4.1005
1308.875,5.844,63.669,118.1929,300.748,4.9151,4.9357,2.4495,2.996,3.8213
1309,5.861,64.134,126.0725,305.1557,4.7112,4.6097,2.4615,2.7984,3.6336
1309.125,5.878,64.4124,127.2683,305.5652,4.6843,4.5612,2.4267,2.7816,3.6025
1309.25,5.896,64.7604,122.5628,304.8695,4.7367,4.6031,2.4069,2.8274,3.6577
1309.375,5.913,65.2543,116.7612,304.9567,4.7926,4.5949,2.3704,2.8754,3.7252
1309.5,5.931,65.8545,112.4259,307.5954,4.7966,4.5032,2.33,2.8466,3.6728
1309.625,5.948,67.4275,112.4869,314.7679,4.5561,4.1235,2.4128,2.6215,3.4261
1309.75,5.965,68.2294,114.0068,317.9967,4.4446,3.9078,2.3985,2.5225,3.3041
1309.875,5.983,68.5339,114.4417,322.1858,4.294,3.7838,2.38,2.4163,3.1493
1310,6,68.6553,113.2393,328.9214,4.1252,3.5695,2.3652,2.2824,3.0163
1310.125,6.042,68.7071,116.5092,328.976,4.0846,3.6221,2.4245,2.2696,2.9958
1310.25,6.083,68.7583,121.8027,326.4326,4.1215,3.7264,2.4902,2.3042,3.0137
1310.375,6.125,68.8597,126.9363,324.2852,4.1551,3.8547,2.4852,2.3318,3.0446
1310.5,6.167,68.9449,129.4167,322.5261,4.1855,3.9831,2.4523,2.3557,3.0769
1310.625,6.208,68.8959,128.3277,309.8018,4.5368,4.1441,2.4365,2.6552,3.4476
1310.75,6.25,68.9476,127.48,302.3769,4.7373,4.3972,2.4448,2.8329,3.6646
1310.875,6.292,69.0239,127.4481,299.6455,4.8087,4.507,2.4545,2.9077,3.7277
1311,6.333,69.1063,129.2832,300.8904,4.7598,4.4392,2.4597,2.8598,3.6849
1311.125,6.375,69.4794,133.9333,307.6544,4.5499,4.3002,2.5115,2.6888,3.4791
1311.25,6.417,69.5351,134.2432,311.0166,4.4548,4.2625,2.5106,2.6055,3.3991
1311.375,6.458,69.5072,131.7693,311.5375,4.4606,4.2248,2.4973,2.5959,3.3868
1311.5,6.5,69.4571,128.0484,309.2808,4.5664,4.2564,2.5004,2.679,3.4644
1311.625,6.542,69.3597,126.6339,308.5376,4.6103,4.4325,2.4652,2.7104,3.504
1311.75,6.583,69.3847,127.9657,310.7795,4.5249,4.3228,2.4513,2.6361,3.4307
1311.875,6.625,69.3847,130.1556,312.1666,4.4513,4.1452,2.4832,2.5829,3.3696
1312,6.667,69.2734,131.1893,311.2488,4.4486,4.051,2.5245,2.6018,3.3955
1312.125,6.708,68.2739,125.7748,309.1818,4.5873,4.2911,2.4263,2.6892,3.485
1312.25,6.75,67.6057,121.1087,305.7478,4.7022,4.4877,2.4272,2.8046,3.6371
1312.375,6.792,67.0923,117.0482,302.4796,4.831,4.6172,2.456,2.9205,3.7855
1312.5,6.833,66.79,114.332,301.7676,4.9303,4.8113,2.4763,2.9846,3.8413
1312.625,6.875,67.1965,114.4941,303.4592,4.8877,4.8996,2.3785,2.9527,3.8021
1312.75,6.917,67.6698,117.1471,304.0919,4.7906,4.6516,2.3837,2.8855,3.7424
1312.875,6.958,68.0801,121.4989,304.437,4.7244,4.4015,2.4819,2.8291,3.6642
1313,7,68.2822,125.9279,304.7798,4.6682,4.2488,2.5375,2.778,3.6151
1313.125,7.037,67.8563,125.6317,304.055,4.6469,3.9305,2.4732,2.7847,3.6197
1313.25,7.074,67.1074,121.4101,302.4433,4.7157,3.9648,2.5004,2.8529,3.6891
1313.375,7.11,66.1207,116.0033,300.5165,4.8822,4.2187,2.5112,2.9681,3.8134
1313.5,7.147,65.0193,111.3418,300.0748,5.0044,4.589,2.4912,3.037,3.9088
1313.625,7.184,62.5888,104.0689,293.9428,5.4651,5.3861,2.4554,3.3349,4.2887
1313.75,7.221,61.3081,101.6373,287.5457,5.7037,5.8355,2.4495,3.5054,4.547
1313.875,7.257,60.5498,101.9509,283.6732,5.8005,6.1111,2.4504,3.5893,4.65
1314,7.294,60.0303,103.7627,281.7904,5.7818,6.2001,2.4374,3.6167,4.6537
1314.125,7.331,60.2084,105.7629,279.0694,5.7874,6.1141,2.4235,3.6333,4.6579
1314.25,7.368,60.626,105.8826,281.6418,5.6835,5.9288,2.4393,3.5702,4.5998
1314.375,7.404,61.1895,105.9426,286.4934,5.5565,5.5787,2.448,3.4572,4.4541
1314.5,7.441,61.9457,106.922,290.1931,5.3648,5.1326,2.4393,3.3563,4.2827
1314.625,7.478,63.1679,108.659,289.2845,5.3382,5.0205,2.4374,3.3494,4.2759
1314.75,7.515,63.8472,108.1635,286.3345,5.4484,5.289,2.4374,3.4182,4.3953
1314.875,7.551,64.3261,107.0083,282.2605,5.5929,5.6727,2.4387,3.5327,4.5441
1315,7.588,64.8189,106.9379,277.0289,5.7257,5.9571,2.4448,3.6427,4.6432
1315.125,7.625,66.1374,114.0917,280.5324,5.4751,5.5916,2.4671,3.4998,4.4749
1315.25,7.662,66.9682,119.8641,289.6906,5.1135,5.0379,2.5014,3.2248,4.0946
1315.375,7.699,67.5779,125.5751,298.8709,4.8167,4.4947,2.5147,2.931,3.7588
1315.5,7.735,68.0317,132.3261,306.5316,4.5302,4.1235,2.4856,2.6955,3.5106
1315.625,7.772,68.5774,142.565,320.9826,4.1064,3.931,2.3868,2.3386,3.0815
1315.75,7.809,68.8307,145.0906,326.2078,3.97,3.8687,2.3828,2.2419,2.971
1315.875,7.846,68.9922,143.9789,330.1082,3.9055,3.8239,2.3843,2.1837,2.9171
1316,7.882,69.1063,141.9963,337.5673,3.8023,3.757,2.2818,2.0884,2.7969
1316.125,7.919,68.7193,143.1851,344.0703,3.6775,3.5318,2.2203,2.0065,2.6952
1316.25,7.956,68.4047,143.6721,343.3067,3.6761,3.3754,2.242,2.0087,2.6978
1316.375,7.993,68.1904,142.6771,342.9283,3.6765,3.2883,2.2846,2.0143,2.7014
1316.5,8.024,68.0261,139.8415,346.4982,3.6495,3.2954,2.3429,1.988,2.6803
1316.625,8.054,67.9287,134.5381,352.5767,3.603,3.4164,2.4037,1.9279,2.6258
1316.75,8.083,67.9426,133.4531,347.8164,3.6798,3.5007,2.4041,1.9914,2.6881
1316.875,8.113,67.9315,133.6745,338.7737,3.7967,3.5879,2.3768,2.0913,2.7815
1317,8.143,67.9927,133.2008,333.0319,3.8707,3.6703,2.393,2.1587,2.894
1317.125,8.173,68.3686,131.9215,322.1367,4.068,3.6027,2.3813,2.3183,3.0692
1317.25,8.202,68.5829,131.0466,314.3286,4.2607,3.5671,2.3707,2.5071,3.2678
1317.375,8.232,68.7388,129.6672,309.3529,4.4047,3.5605,2.3961,2.6292,3.4149
1317.5,8.262,68.6386,127.1296,305.3227,4.5019,3.5893,2.4411,2.7244,3.5453
1317.625,8.292,66.9498,116.5832,298.8107,4.8906,4.4597,2.398,3.0042,3.8587
1317.75,8.321,65.6429,110.1915,295.995,5.1686,5.1232,2.3781,3.1769,4.0578
1317.875,8.351,64.7537,106.8482,293.9295,5.3428,5.5062,2.3887,3.2811,4.2202
1318,8.381,64.2008,106.2164,290.6967,5.4613,5.6612,2.417,3.3804,4.331
1318.125,8.411,64.4848,107.9684,283.7388,5.5129,5.7102,2.4628,3.489,4.4865
1318.25,8.44,64.8356,106.7658,280.1946,5.6077,5.8524,2.4328,3.5734,4.5837
1318.375,8.47,64.8985,103.6687,277.5645,5.7794,6.2053,2.3652,3.6848,4.7057
1318.5,8.5,64.7186,100.6157,277.5522,5.9319,6.544,2.3114,3.73,4.7926
1318.625,8.53,64.5126,105.2031,283.6535,5.5831,5.7881,2.3818,3.533,4.5335
1318.75,8.56,64.7771,111.1274,288.4032,5.2418,4.9508,2.4624,3.3195,4.246
1318.875,8.589,65.3172,117.1281,292.976,4.9834,4.3049,2.5208,3.1134,4.0162
1319,8.619,65.8824,121.7776,295.8661,4.8764,4.1838,2.5282,3.0061,3.8684
1319.125,8.649,66.6814,121.8354,291.6714,4.9699,4.3562,2.5091,3.1048,3.9789
1319.25,8.679,66.7538,119.4752,287.4609,5.0893,4.4349,2.4902,3.2113,4.1459
1319.375,8.708,66.413,116.8531,284.3763,5.1861,4.5984,2.4825,3.3175,4.265
1319.5,8.738,66.0717,115.889,284.0631,5.2317,4.7887,2.5097,3.3504,4.2957
1319.625,8.768,65.4436,120.3358,287.4948,5.1313,4.9903,2.5162,3.2479,4.1554
1319.75,8.798,65.1418,119.0624,286.6392,5.1553,4.996,2.5227,3.2731,4.1909
1319.875,8.827,64.9692,112.8773,283.882,5.2859,4.9579,2.5319,3.3904,4.3476
1320,8.857,64.6184,104.3887,281.471,5.514,5.0959,2.5208,3.5563,4.5454
1320.125,8.887,63.2626,102.8541,277.8893,5.7071,5.6702,2.4661,3.6578,4.6709
1320.25,8.917,62.5638,107.755,276.9933,5.6394,5.836,2.456,3.6193,4.611
1320.375,8.946,62.1907,114.3317,278.334,5.5229,5.8845,2.468,3.5409,4.5113
1320.5,8.976,62.1127,119.0973,280.7118,5.3917,5.8289,2.4745,3.4447,4.4135
1320.625,9.006,62.4012,117.4105,287.9032,5.242,5.4668,2.4647,3.2945,4.2184
1320.75,9.034,62.5304,114.4049,290.3466,5.2119,5.2537,2.4532,3.2753,4.1613
1320.875,9.063,62.6178,111.4876,290.4572,5.2319,5.1401,2.4445,3.289,4.1842
1321,9.091,62.7419,109.8436,290.0088,5.2884,5.1873,2.4374,3.3288,4.2399
1321.125,9.119,63.5259,108.9563,287.8926,5.3813,5.3225,2.4408,3.3801,4.3325
1321.25,9.148,64.0338,107.0531,287.2472,5.4443,5.3997,2.4606,3.4156,4.4004
1321.375,9.176,64.3957,103.7128,287.158,5.5189,5.4861,2.4832,3.4709,4.457
1321.5,9.205,64.6685,99.7141,287.321,5.6339,5.4124,2.4893,3.5177,4.5429
1321.625,9.233,64.908,104.9785,288.587,5.4038,5.0845,2.4637,3.4182,4.3677
1321.75,9.261,64.9859,112.7401,289.7176,5.1794,4.8702,2.4634,3.2743,4.1818
1321.875,9.29,64.8634,119.414,291.1598,5.0347,4.6397,2.4767,3.1592,4.0439
1322,9.318,64.4625,121.4493,292.3502,4.9731,4.4118,2.4782,3.1018,3.9852
1322.125,9.347,60.5993,112.3543,290.0493,5.221,5.1951,2.4341,3.2949,4.1922
1322.25,9.375,58.4795,106.1796,288.5961,5.4947,5.6517,2.4208,3.4252,4.3995
1322.375,9.403,57.4745,102.5969,286.977,5.6026,5.7841,2.4421,3.4943,4.5096
1322.5,9.432,56.8564,101.5908,284.8443,5.688,5.8845,2.4763,3.5469,4.5863
1322.625,9.46,58.7412,103.2204,286.0772,5.5857,5.7592,2.4439,3.5026,4.511
1322.75,9.489,60.1026,104.4848,287.2644,5.5241,5.5571,2.4393,3.4611,4.4522
1322.875,9.517,60.9379,106.0323,287.3794,5.4752,5.4009,2.4554,3.4279,4.4128
1323,9.545,61.7341,109.0498,287.0949,5.365,5.2786,2.4689,3.387,4.3439
1323.125,9.574,63.3238,121.5428,291.3977,5.0288,4.9218,2.4519,3.151,4.0198
1323.25,9.602,64.4569,127.7722,294.4141,4.9092,4.7303,2.4773,3.0139,3.8929
1323.375,9.631,65.3601,130.322,296.1757,4.8493,4.5819,2.5097,2.9534,3.8227
1323.5,9.659,66.0606,130.1725,296.9741,4.8281,4.4467,2.5078,2.9322,3.7848
1323.625,9.688,66.8986,127.8858,301.0755,4.7546,4.5762,2.4769,2.8719,3.7135
1323.75,9.716,67.202,128.942,302.399,4.7145,4.6106,2.5032,2.8314,3.689
1323.875,9.744,67.2215,131.3975,302.2082,4.6912,4.5991,2.5254,2.8222,3.6756
1324,9.773,67.1296,133.3527,303.7896,4.6567,4.5956,2.5319,2.7818,3.6392
1324.125,9.801,66.883,128.6397,312.5284,4.4696,4.351,2.498,2.6107,3.4151
1324.25,9.83,66.8429,126.0308,314.0202,4.4406,4.1603,2.4615,2.5801,3.3844
1324.375,9.858,66.9108,125.9667,312.6284,4.4533,4.072,2.4417,2.6039,3.4197
1324.5,9.886,67.035,127.0696,311.9195,4.4573,4.0378,2.4597,2.6189,3.4365
1324.625,9.915,67.0294,125.127,310.3029,4.5395,4.27,2.4717,2.6724,3.507
1324.75,9.943,66.9682,122.2376,307.8964,4.6438,4.4557,2.4569,2.7688,3.598
1324.875,9.972,66.903,118.8796,306.0536,4.7288,4.6236,2.456,2.8346,3.7
1325,10,66.8067,116.3325,305.9443,4.783,4.7793,2.506,2.8751,3.7337
1325.125,10.015,67.1592,118.5519,305.9431,4.7331,4.714,2.5125,2.84,3.7117
1325.25,10.03,67.5166,121.2956,307.4234,4.6578,4.5306,2.4976,2.7879,3.6191
1325.375,10.046,67.824,123.0561,309.5413,4.601,4.3287,2.4232,2.7184,3.5411
1325.5,10.061,68.1208,123.0651,310.4676,4.5455,4.148,2.3707,2.6812,3.5175
1325.625,10.076,67.7934,128.6407,305.711,4.6037,4.1068,2.488,2.7474,3.5873
1325.75,10.091,67.2883,133.2822,301.3352,4.691,4.1923,2.5097,2.8133,3.6576
1325.875,10.107,66.6914,134.1046,296.3145,4.8323,4.3371,2.5091,2.9144,3.7866
1326,10.122,66.0383,128.7123,290.2201,4.9801,4.6191,2.519,3.0961,3.9768
1326.125,10.137,64.9453,109.6172,284.0471,5.4296,5.3342,2.4902,3.4469,4.4222
1326.25,10.152,64.3595,102.2731,282.8002,5.6364,5.6456,2.48,3.5617,4.5871
1326.375,10.168,64.0159,101.8709,284.0519,5.63,5.6277,2.4795,3.5435,4.5683
1326.5,10.183,63.7665,104.6533,285.0901,5.5336,5.3908,2.4949,3.4888,4.4884
1326.625,10.198,62.9908,103.0653,285.5126,5.5139,5.2589,2.4606,3.4909,4.4835
1326.75,10.213,61.9596,99.7373,285.7952,5.6423,5.3437,2.4189,3.5364,4.5587
1326.875,10.229,60.4896,96.8283,285.7075,5.785,5.6807,2.3815,3.5938,4.6576
1327,10.244,58.6605,95.0664,285.2104,5.969,6.3056,2.3578,3.6494,4.7711
1327.125,10.259,58.3141,94.1532,285.8013,6.1904,6.9958,2.3491,3.6583,4.8236
1327.25,10.274,59.3342,96.5811,287.5568,6.055,6.8097,2.38,3.5996,4.7247
1327.375,10.29,61.2358,102.0198,289.8889,5.668,6.0894,2.4347,3.4663,4.4647
1327.5,10.305,63.6551,109.3009,292.5911,5.2984,5.3201,2.4986,3.2712,4.2016
1327.625,10.32,65.3701,116.7949,292.0694,5.0606,4.6759,2.5338,3.1568,4.06
1327.75,10.335,65.2643,119.0422,289.3688,5.0861,4.6888,2.5236,3.1934,4.1032
1327.875,10.351,64.1691,119.4446,286.1318,5.1916,5.0502,2.4899,3.2726,4.1908
1328,10.366,62.5471,118.3586,283.6577,5.3458,5.6895,2.4467,3.3665,4.3266
1328.125,10.381,60.2196,111.7577,284.5736,5.5469,6.1753,2.4109,3.4486,4.4447
1328.25,10.396,59.4066,110.3367,285.1084,5.506,5.9099,2.417,3.4414,4.43
1328.375,10.412,59.1995,112.7763,284.9303,5.384,5.5315,2.4369,3.3907,4.3595
1328.5,10.427,59.067,116.9952,284.3186,5.3008,5.354,2.4523,3.3587,4.3126
1328.625,10.442,57.6721,116.2819,276.2923,5.4805,5.5936,2.5236,3.5249,4.4793
1328.75,10.457,55.7205,113.3649,268.3928,5.8547,6.3217,2.5625,3.745,4.7726
1328.875,10.473,53.0088,110.2825,261.3926,6.3557,7.3592,2.5777,4.0194,5.1457
1329,10.488,49.6568,107.8481,256.8551,6.9225,8.3738,2.5949,4.246,5.5242
1329.125,10.503,39.1441,100.0258,255.7348,7.4934,9.0809,2.5152,4.3993,5.8428
1329.25,10.518,29.4138,93.9382,256.9436,7.7649,9.4955,2.4587,4.4142,5.9692
1329.375,10.534,19.2369,88.5396,258.5135,8.2385,10.0683,2.4245,4.4166,6.0977
1329.5,10.549,8.2799,83.2512,258.1328,9.0388,11.1429,2.4004,4.511,6.3104
1329.625,10.564,-11.3785,72.1413,255.8884,11.599,13.8934,2.4828,4.6917,6.9906
1329.75,10.579,-21.6991,66.2451,255.9731,12.701,15.1854,2.4736,4.6934,7.1418
1329.875,10.595,-28.4365,63.8696,258.9988,13.055,15.8703,2.3726,4.6074,7.0518
1330,10.61,-33.8543,64.1314,265.3855,12.6749,15.5891,2.2132,4.3146,6.6311
1330.125,10.625,-38.4258,67.2892,276.9117,10.0814,12.5176,2.1169,3.9829,5.834
1330.25,10.64,-39.4308,70.412,281.7462,8.6499,10.6228,2.1493,3.825,5.4868
1330.375,10.655,-39.0455,74.6658,284.1208,7.8434,9.2764,2.2553,3.7661,5.308
1330.5,10.671,-39.6229,79.5468,285.0581,7.1402,8.1439,2.3874,3.7458,5.1487
1330.625,10.686,-49.9518,79.5885,285.705,6.9929,7.7985,2.254,3.7314,5.1213
1330.75,10.701,-60.4061,75.1607,289.8036,7.2544,7.9516,2.1243,3.6878,5.136
1330.875,10.716,-72.3219,68.6373,295.7045,7.7743,8.4552,2.0322,3.6409,5.1789
1331,10.732,-84.6637,62.0575,300.4629,8.412,9.2934,1.9835,3.6415,5.2815
1331.125,10.747,-101.5842,54.2781,301.5981,9.2085,10.233,1.9631,3.6671,5.4757
1331.25,10.762,-110.1742,51.2333,301.2603,9.3951,10.5239,1.9464,3.6754,5.5468
1331.375,10.777,-115.3982,50.1998,300.6296,9.4021,10.5738,1.9368,3.6734,5.545
1331.5,10.793,-119.1862,50.0708,300.3893,9.3787,10.5173,1.9409,3.6699,5.5403
1331.625,10.808,-122.0204,49.9354,301.3421,9.1667,10.0636,1.9325,3.6488,5.4907
1331.75,10.823,-122.4241,50.1186,302.2148,8.9203,9.7188,1.927,3.6418,5.4469
1331.875,10.838,-121.7214,50.6453,303.0543,8.7341,9.3662,1.9174,3.6321,5.4367
1332,10.854,-120.6507,51.4477,303.8535,8.5582,8.9975,1.8964,3.6229,5.4127
1332.125,10.869,-115.2941,53.1082,304.1139,8.5518,8.9763,1.8914,3.6237,5.3969
1332.25,10.884,-110.1547,52.3701,303.4444,8.6846,9.226,1.9001,3.6323,5.4182
1332.375,10.899,-104.1216,49.8038,302.2352,8.8881,9.6389,1.927,3.6356,5.4451
1332.5,10.915,-96.2232,46.1839,300.8462,9.2905,10.1564,1.9631,3.6519,5.5442
1332.625,10.93,-73.2991,46.0544,298.3529,9.8116,11.2188,2.0131,3.6988,5.6415
1332.75,10.945,-53.741,53.6644,296.1572,9.3006,10.6365,2.0808,3.6821,5.5038
1332.875,10.96,-33.4356,67.3601,293.8748,7.9806,8.9073,2.1858,3.6537,5.2238
1333,10.976,-11.9882,85.2137,291.7606,6.6161,7.2987,2.3337,3.6154,4.8904
1333.125,10.991,21.5755,113.7802,288.1433,5.3285,5.5723,2.463,3.3283,4.2681
1333.25,11.008,37.9609,124.9889,285.5139,5.1313,4.9677,2.4921,3.2358,4.149
1333.375,11.027,46.5453,126.8954,283.9716,5.1276,4.8224,2.5045,3.2399,4.1603
1333.5,11.045,51.9453,123.7143,283.4193,5.1559,4.9037,2.5134,3.2803,4.2081
1333.625,11.064,56.0479,116.7018,280.6602,5.378,5.4316,2.4773,3.4418,4.3912
1333.75,11.083,57.5051,113.8647,279.0928,5.4948,5.7601,2.4643,3.516,4.4697
1333.875,11.102,57.9478,112.9488,278.2717,5.5585,5.9883,2.4776,3.547,4.5116
1334,11.121,58.0536,112.9245,277.8569,5.6071,6.1841,2.4893,3.5623,4.539
1334.125,11.14,57.0819,116.5417,278.8298,5.5334,6.1384,2.4647,3.517,4.477
1334.25,11.159,55.7985,117.2647,278.6063,5.5069,6.0917,2.4652,3.5053,4.465
1334.375,11.178,53.9264,114.8318,276.8036,5.5739,6.0494,2.4615,3.5566,4.5155
1334.5,11.197,51.1713,110.0151,272.9357,5.7844,6.2859,2.4467,3.6783,4.6918
1334.625,11.216,44.0814,101.7249,263.2658,6.6074,7.9694,2.4547,4.0597,5.2569
1334.75,11.235,38.2811,95.4008,259.403,7.3378,8.7539,2.4661,4.297,5.7221
1334.875,11.254,31.9751,89.0914,258.9563,7.6894,9.1238,2.4695,4.3658,5.9483
1335,11.273,24.5556,82.1549,261.1695,8.1214,9.7268,2.4208,4.3271,5.9798
1335.125,11.292,9.1969,73.0637,273.0052,8.2065,9.8235,2.2207,3.9799,5.577
1335.25,11.311,0.1615,72.7787,279.3212,8.0888,9.7583,2.1595,3.8383,5.3871
1335.375,11.33,-5.7547,77.9262,282.256,8.0344,9.8916,2.158,3.7929,5.3252
1335.5,11.348,-9.5326,86.3223,283.2473,7.8482,10.0952,2.1743,3.7704,5.2279
1335.625,11.367,-10.8066,94.6282,283.0181,7.0632,9.2558,2.2049,3.7551,5.031
1335.75,11.386,-10.6379,94.4563,282.8075,6.9621,9.0163,2.2207,3.7537,5.0163
1335.875,11.405,-9.6802,91.8701,283.111,7.0591,9.0743,2.2114,3.7547,5.0538
1336,11.424,-7.9903,90.812,284.0508,7.0616,9.0323,2.1743,3.7382,5.0502
1336.125,11.443,-1.5824,96.1965,284.3874,6.7946,8.7602,2.2425,3.7182,4.9415
1336.25,11.462,4.449,98.3249,283.4218,6.4834,8.3389,2.3327,3.6908,4.8655
1336.375,11.481,10.4136,98.1722,281.5681,6.2926,7.88,2.3772,3.7079,4.8536
1336.5,11.5,16.0419,97.5091,279.7733,6.2566,7.5428,2.367,3.7353,4.8576
1336.625,11.519,24.5305,102.8063,279.3121,6.0114,7.1668,2.3667,3.6761,4.7245
1336.75,11.538,28.612,106.8375,279.5189,5.8628,6.976,2.3856,3.6241,4.6444
1336.875,11.557,31.0647,109.2975,279.9949,5.7373,6.7429,2.4032,3.5845,4.5962
1337,11.576,32.724,109.7909,280.6602,5.6501,6.4178,2.3911,3.5616,4.5605
1337.125,11.595,27.9549,105.669,284.6202,5.6768,6.4046,2.3216,3.5322,4.5359
1337.25,11.614,21.752,100.0032,287.5826,5.8442,6.6406,2.2716,3.5621,4.6084
1337.375,11.633,14.5763,93.312,289.7987,6.145,6.9861,2.2203,3.6045,4.745
1337.5,11.652,7.2999,87.1455,291.4879,6.6417,7.6841,2.178,3.6198,4.8878
1337.625,11.67,2.8231,82.3797,292.0984,7.7725,9.7023,2.1156,3.6598,5.1139
1337.75,11.689,5.8494,82.5561,291.1279,7.6664,9.5836,2.1808,3.6705,5.1173
1337.875,11.708,12.9181,85.1561,289.1218,7.0377,8.443,2.3239,3.6737,4.9977
1338,11.727,21.7381,88.8409,286.4635,6.4271,7.3675,2.4615,3.6802,4.9109
1338.125,11.746,37.041,93.5692,283.1859,5.9414,6.1353,2.4523,3.6796,4.7984
1338.25,11.765,44.0803,95.7365,282.1578,5.8087,5.7394,2.4161,3.6661,4.7265
1338.375,11.784,47.2987,99.0219,282.4469,5.7189,5.79,2.4009,3.6207,4.6436
1338.5,11.803,49.3561,104.5443,284.6085,5.6175,6.006,2.4282,3.5324,4.5293
1338.625,11.822,52.2198,110.4222,287.797,5.4402,5.8602,2.4411,3.3999,4.3607
1338.75,11.841,53.9192,111.2873,288.6624,5.4019,5.8543,2.4291,3.3728,4.3142
1338.875,11.86,55.2222,110.1753,288.8553,5.4801,6.0668,2.413,3.4041,4.356
1339,11.879,56.3664,108.9641,288.5911,5.5911,6.4979,2.3948,3.4449,4.418
1339.125,11.898,58.9612,106.7358,288.5464,5.6833,6.6842,2.3991,3.4702,4.4645
1339.25,11.917,61.0993,106.6292,291.4916,5.5384,6.2981,2.4087,3.3934,4.3462
1339.375,11.936,63.3127,108.8516,296.8341,5.2835,5.6563,2.4448,3.2079,4.0991
1339.5,11.955,65.5761,113.8359,304.9296,4.8354,5.0045,2.4763,2.9339,3.7924
1339.625,11.973,68.0974,127.4773,320.5834,4.2323,4.0378,2.4235,2.4593,3.213
1339.75,11.992,69.1564,132.9398,328.0799,4.0487,3.6788,2.4208,2.304,3.01
1339.875,12.023,69.5434,133.4586,329.5308,4.0096,3.5877,2.4041,2.2747,2.9757
1340,12.063,69.6632,130.4163,324.5703,4.0426,3.5865,2.3837,2.3648,3.0565
1340.125,12.102,69.4193,118.4003,304.2729,4.6798,4.3186,2.3685,2.85,3.7146
1340.25,12.141,69.0785,110.3293,296.3046,5.1266,4.9965,2.3893,3.165,4.047
1340.375,12.18,68.7294,105.2866,293.763,5.3946,5.5577,2.4156,3.318,4.258
1340.5,12.219,68.4047,104.5283,291.4411,5.5207,5.9438,2.4356,3.4008,4.3689
1340.625,12.258,68.4521,110.5596,289.1863,5.4054,5.8369,2.4797,3.3807,4.313
1340.75,12.297,68.3797,112.0682,287.5089,5.3531,5.5265,2.4847,3.3652,4.3153
1340.875,12.336,68.128,110.703,284.1602,5.4079,5.3482,2.4661,3.4499,4.3984
1341,12.375,67.7199,107.9804,279.3876,5.5465,5.4162,2.4467,3.5625,4.529
1341.125,12.414,65.8,105.4042,278.8365,5.6872,5.9217,2.4434,3.6251,4.609
1341.25,12.453,64.3233,104.6968,278.5952,5.7561,6.1596,2.4309,3.6546,4.6502
1341.375,12.492,62.9218,104.5534,278.7959,5.7786,6.2915,2.4019,3.6616,4.6604
1341.5,12.531,61.4,104.3703,280.1934,5.7867,6.3782,2.3726,3.6431,4.6556
1341.625,12.57,59.1432,102.187,281.2481,5.8016,6.3579,2.4204,3.6379,4.674
1341.75,12.609,57.9311,100.0056,281.1528,5.8468,6.2868,2.4411,3.6612,4.7047
1341.875,12.648,57.0363,97.7765,280.4809,5.9248,6.263,2.4523,3.7006,4.7679
1342,12.688,55.9043,95.9215,280.1271,5.984,6.2953,2.4523,3.7205,4.8193
1342.125,12.727,51.3451,95.4525,280.2192,6.1304,6.8592,2.3707,3.7397,4.8702
1342.25,12.766,48.6629,95.4125,280.1714,6.2514,7.2186,2.3503,3.7506,4.8919
1342.375,12.805,47.1834,96.0889,280.1143,6.2234,7.1492,2.373,3.7469,4.8742
1342.5,12.844,46.4161,98.3727,279.5472,6.0575,6.8106,2.4226,3.7273,4.8157
1342.625,12.883,46.0904,102.4493,274.3976,6.0413,6.7495,2.4537,3.7845,4.8295
1342.75,12.922,44.5174,102.7649,270.9825,6.1696,6.9153,2.4671,3.8505,4.9389
1342.875,12.961,41.0362,101.2992,267.6503,6.4341,7.305,2.4749,3.9715,5.112
1343,13,35.664,98.7132,263.2334,6.8674,8.0911,2.4708,4.1511,5.4167
1343.125,13.028,20.4724,88.9233,260.7501,8.4528,10.4431,2.4573,4.3401,6.0597
1343.25,13.057,9.1513,81.954,263.0134,8.8271,10.9111,2.4272,4.2262,6.0329
1343.375,13.085,-1.4182,77.763,266.7492,8.8335,10.8499,2.3624,4.1358,5.9248
1343.5,13.114,-12.2833,77.223,270.7539,8.859,11.0458,2.2707,4.0307,5.7757
1343.625,13.142,-30.7028,79.4556,280.1652,8.3266,10.5194,2.1901,3.8316,5.4311
1343.75,13.17,-41.3435,77.2114,283.9599,8.406,10.5616,2.1475,3.7612,5.401
1343.875,13.199,-48.9524,72.2266,283.4889,8.9281,11.1308,2.123,3.7654,5.4973
1344,13.227,-55.4476,66.1747,279.3433,9.8334,12.1265,2.1502,3.8502,5.7152
1344.125,13.256,-62.3131,55.8035,270.9965,12.8202,15.4358,2.3327,4.0462,6.3432
1344.25,13.284,-64.5014,50.9271,268.8265,13.6122,16.307,2.355,4.1105,6.5707
1344.375,13.312,-64.3639,50.3973,268.9375,13.112,15.7318,2.2703,4.082,6.5026
1344.5,13.341,-62.6918,54.2591,270.3436,12.717,15.1171,2.1521,4.0559,6.3407
1344.625,13.369,-54.2711,64.645,282.5127,10.376,12.8371,2.096,3.8207,5.8163
1344.75,13.398,-45.979,68.6308,287.9327,9.1662,11.3186,2.1058,3.7342,5.5378
1344.875,13.426,-36.1957,70.9978,288.4642,8.5153,10.229,2.1725,3.7102,5.3934
1345,13.455,-24.923,75.2679,286.493,7.9464,9.4941,2.2596,3.7246,5.3108
1345.125,13.483,-1.8068,89.9095,282.4538,7.0565,8.5646,2.3824,3.8038,5.1335
1345.25,13.511,12.5395,98.6544,280.9785,6.4678,7.8852,2.418,3.7963,4.9489
1345.375,13.54,23.1813,104.248,280.7229,6.2713,7.5451,2.4328,3.7556,4.8198
1345.5,13.568,32.351,108.6652,281.3089,6.1944,7.5823,2.4282,3.7027,4.7504
1345.625,13.597,45.0631,117.2316,287.1017,5.851,7.3147,2.3053,3.522,4.4955
1345.75,13.625,51.8534,121.3335,292.9484,5.4146,6.495,2.3179,3.2854,4.2368
1345.875,13.653,56.3508,122.5212,298.7178,5.0717,5.7863,2.3596,3.0659,3.8829
1346,13.682,59.8799,122.2909,302.6669,4.8706,5.3917,2.3615,2.9196,3.7439
1346.125,13.71,64.1245,128.9369,303.4309,4.6164,4.7607,2.3652,2.7807,3.5911
1346.25,13.739,65.8991,135.1191,306.9627,4.4003,4.4608,2.304,2.6401,3.415
1346.375,13.767,67.0433,139.1221,313.2198,4.1171,4.3151,2.2512,2.5227,3.1855
1346.5,13.795,68.1653,139.3699,321.8259,3.7708,4.132,2.2373,2.2351,2.8415
1346.625,13.824,70.0251,135.0934,342.2945,3.2127,3.6022,2.1938,1.8384,2.2895
1346.75,13.852,71.1415,135.8768,352.3273,3.048,3.2209,2.1984,1.7135,2.1839
1346.875,13.881,71.7317,138.5252,357.0937,2.9734,3.0163,2.2503,1.6684,2.1138
1347,13.909,72.141,139.5365,359.3848,2.9418,2.9015,2.2966,1.6531,2.0942
1347.125,13.937,72.6132,135.0732,363.1893,2.899,2.7031,2.3155,1.6216,2.0546
1347.25,13.966,72.9511,134.144,362.7667,2.8843,2.6622,2.2716,1.6211,2.0487
1347.375,13.994,73.2557,134.7702,360.0887,2.8933,2.6565,2.1679,1.6378,2.0545
1347.5,14.007,73.3994,133.6307,356.0212,2.8919,2.6386,2.1651,1.6477,2.063
1347.625,14.015,73.3994,122.0973,343.6045,3.0861,3.0087,2.1892,1.7726,2.1619
1347.75,14.023,73.1683,117.9005,333.9065,3.2347,3.1078,2.254,1.9228,2.3433
1347.875,14.032,72.7329,118.9313,329.1266,3.3218,3.1201,2.3452,1.9845,2.4345
1348,14.04,72.4806,122.2112,331.7027,3.2237,3.1644,2.3077,1.9183,2.3492
1348.125,14.048,72.7507,124.2684,342.9136,3.0009,2.8214,2.3318,1.7478,2.1069
1348.25,14.057,72.8927,124.491,346.0695,2.9508,2.6353,2.2373,1.7084,2.0722
1348.375,14.065,73.0263,124.1257,343.9848,2.9572,2.6054,2.0415,1.7241,2.0816
1348.5,14.073,73.0096,123.7376,339.7614,3.0056,2.6518,1.9891,1.7735,2.1301
1348.625,14.082,72.8164,123.4467,336.6595,3.0477,2.8627,2.2114,1.8034,2.1748
1348.75,14.09,72.7952,122.8103,332.1793,3.1312,2.9947,2.2966,1.8669,2.2531
1348.875,14.098,72.8492,120.9345,328.8915,3.205,3.1417,2.347,1.93,2.3242
1349,14.107,73.0764,117.9789,330.4865,3.1531,3.0834,2.4226,1.8977,2.2864
1349.125,14.115,73.0447,118.2275,337.7184,3.036,3.0306,2.347,1.798,2.1447
1349.25,14.124,73.0959,119.6712,337.0404,3.0314,3.1008,2.2883,1.7954,2.1446
1349.375,14.132,73.3058,120.1447,334.6449,3.0516,3.106,2.3003,1.8264,2.1852
1349.5,14.14,73.6555,119.651,334.9335,3.0408,2.9872,2.3337,1.82,2.1704
1349.625,14.149,74.4629,121.653,337.3592,3.0076,2.9585,2.2673,1.7802,2.1152
1349.75,14.157,74.8165,124.4401,340.27,2.969,2.901,2.2049,1.7395,2.0604
1349.875,14.165,75.0197,126.9673,343.5107,2.9178,2.8704,2.2132,1.6891,2.0135
1350,14.174,75.2257,127.638,346.6309,2.8906,2.9034,2.2614,1.6616,1.9895
1350.125,14.182,75.3649,126.5177,351.2487,2.8472,2.6843,2.2049,1.6267,1.9677
1350.25,14.19,75.2564,126.9287,351.7523,2.8381,2.6264,2.2642,1.6207,1.9628
1350.375,14.199,75.0771,128.6352,350.9017,2.8428,2.6397,2.3303,1.6231,1.9634
1350.5,14.207,74.9974,130.1444,350.159,2.8481,2.6367,2.3318,1.6223,1.9646
1350.625,14.215,74.9835,124.8462,346.1216,2.8922,2.7097,2.3109,1.6594,1.9846
1350.75,14.224,75.2814,122.8721,342.4259,2.9286,2.7333,2.3003,1.6928,2.0166
1350.875,14.232,75.65,123.1113,341.251,2.9388,2.7343,2.2883,1.7018,2.026
1351,14.24,75.7881,124.072,343.4934,2.9154,2.7376,2.2781,1.6779,1.9963
1351.125,14.249,75.7241,119.7939,341.9075,2.9331,2.6374,2.1738,1.7001,2.0225
1351.25,14.257,75.557,116.7122,340.921,2.9421,2.6066,2.1975,1.7164,2.0381
1351.375,14.265,75.2775,115.9411,339.7245,2.9649,2.6789,2.2961,1.7368,2.045
1351.5,14.274,74.9807,117.027,335.8033,3.0185,2.9656,2.3893,1.7785,2.0936
1351.625,14.282,74.5615,117.2602,325.6493,3.1839,3.4089,2.4686,1.9205,2.2548
1351.75,14.29,74.3014,118.0885,324.0825,3.2217,3.5356,2.4745,1.9481,2.2879
1351.875,14.299,74.1956,120.0332,323.9604,3.2212,3.4893,2.4708,1.9441,2.2778
1352,14.307,74.229,122.7564,323.2165,3.2306,3.3575,2.4597,1.9465,2.2805
1352.125,14.316,74.4562,126.4838,333.5749,3.0391,2.9323,2.485,1.7793,2.0987
1352.25,14.324,74.5687,128.6909,338.168,2.9806,2.7517,2.4059,1.7243,2.0358
1352.375,14.332,74.6439,129.5511,339.6783,2.9645,2.6418,2.2351,1.7091,2.0159
1352.5,14.341,74.6801,127.5302,339.3339,2.9755,2.632,2.1095,1.7213,2.0215
1352.625,14.349,74.7747,117.1247,336.8757,3.0305,2.8339,2.2614,1.7669,2.0764
1352.75,14.357,74.9501,114.2304,335.0564,3.0642,2.9279,2.3605,1.7946,2.108
1352.875,14.366,75.1088,116.0519,332.9828,3.0973,3.0911,2.4054,1.8183,2.1234
1353,14.374,75.1812,119.4476,331.2899,3.1282,3.2539,2.4245,1.8368,2.1437
1353.125,14.382,75.067,118.121,335.0736,3.0876,3.2869,2.4365,1.7995,2.1049
1353.25,14.391,74.7914,115.7959,335.7025,3.0892,3.3165,2.4272,1.7987,2.1012
1353.375,14.399,74.5286,113.8512,334.7063,3.11,3.3271,2.4096,1.8134,2.1217
1353.5,14.407,74.2903,112.7983,334.732,3.1124,3.2944,2.3911,1.8139,2.1236
1353.625,14.416,74.3822,114.2877,333.6191,3.1181,3.2374,2.4109,1.824,2.1306
1353.75,14.424,74.591,117.4944,332.6659,3.1263,3.2034,2.3744,1.8304,2.1345
1353.875,14.432,74.758,121.1118,331.9466,3.1319,3.214,2.342,1.8338,2.1371
1354,14.441,74.9139,123.2648,332.2236,3.14,3.3208,2.3559,1.8258,2.1312
1354.125,14.449,74.5058,121.1525,335.1756,3.1074,3.279,2.4439,1.7994,2.1013
1354.25,14.457,74.1956,122.1114,336.5637,3.0939,3.2176,2.4272,1.7836,2.0825
1354.375,14.466,73.9606,125.1127,339.9216,3.0497,3.089,2.3522,1.7461,2.0342
1354.5,14.474,73.8337,127.3183,345.5573,2.9839,2.9015,2.3226,1.6902,1.9842
1354.625,14.482,73.9478,120.8221,349.0719,2.9699,2.7442,2.2114,1.682,1.9844
1354.75,14.491,74.0341,117.7504,351.0632,2.9635,2.7634,2.2003,1.6772,1.9845
1354.875,14.499,74.0659,118.4832,350.4048,2.9748,2.7983,2.2711,1.6795,1.9855
1355,14.508,73.9395,121.9295,343.0241,3.0398,2.99,2.3448,1.7242,2.0172
1355.125,14.516,73.8265,124.2429,324.9805,3.3203,3.8845,2.3546,1.9508,2.2564
1355.25,14.524,73.778,124.2515,320.9021,3.4219,4.0566,2.3559,2.0355,2.3703
1355.375,14.533,73.7585,123.4121,319.4237,3.4409,3.9208,2.3281,2.066,2.3935
1355.5,14.541,73.778,122.7123,317.2438,3.4758,3.8606,2.3244,2.116,2.456
1355.625,14.549,73.7908,123.8185,330.2747,3.2014,3.2691,2.4574,1.8615,2.1712
1355.75,14.558,73.7279,124.2007,335.4568,3.1267,3.0701,2.506,1.7901,2.0982
1355.875,14.566,73.6655,123.8129,335.6067,3.1262,3.0916,2.4936,1.7919,2.0964
1356,14.574,73.7001,122.3056,335.565,3.1321,3.1107,2.4263,1.7976,2.1001
1356.125,14.583,73.8855,119.5781,338.3713,3.1189,3.1667,2.4528,1.778,2.0724
1356.25,14.591,73.9451,118.9895,335.7762,3.1494,3.2289,2.4699,1.8058,2.1179
1356.375,14.599,73.8253,119.8874,331.2944,3.2067,3.2847,2.4841,1.8623,2.1706
1356.5,14.608,73.5998,122.1157,326.9927,3.2684,3.3452,2.5134,1.9181,2.2246
1356.625,14.616,72.7117,124.4845,312.6829,3.6038,4.2731,2.4856,2.2502,2.5948
1356.75,14.624,72.5085,123.1643,307.8583,3.7438,4.67,2.4634,2.4318,2.7869
1356.875,14.633,72.6683,120.024,307.994,3.7691,4.7524,2.4232,2.4576,2.8179
1357,14.641,72.9706,117.3664,310.5068,3.7149,4.6672,2.38,2.3812,2.7662
1357.125,14.649,73.7825,121.9601,322.7517,3.3823,3.8583,2.3481,2.0053,2.3125
1357.25,14.658,73.881,127.0739,327.1402,3.2565,3.4875,2.3587,1.8994,2.205
1357.375,14.666,73.6499,132.1775,329.1057,3.2083,3.3592,2.3611,1.8497,2.1513
1357.5,14.674,73.4885,136.9909,331.5405,3.161,3.3189,2.3244,1.8045,2.1011
1357.625,14.683,73.3058,139.0461,328.3618,3.2014,3.4202,2.3837,1.8434,2.1417
1357.75,14.691,73.3743,136.3802,324.6243,3.2677,3.5525,2.4513,1.9028,2.1935
1357.875,14.699,73.5636,131.2613,319.1859,3.4441,3.8757,2.5147,2.0299,2.3414
1358,14.708,73.6945,126.3273,311.1726,3.6643,4.4599,2.5023,2.33,2.6394
1358.125,14.716,73.9033,120.7066,304.5918,3.8868,5.0596,2.4943,2.5695,2.9364
1358.25,14.725,74.1232,117.8349,303.9235,3.8816,4.8358,2.4096,2.5873,2.9733
1358.375,14.733,74.3888,116.9221,309.244,3.7576,4.4001,2.3027,2.4371,2.7665
1358.5,14.741,74.7413,117.593,322.816,3.4124,4.0001,2.2744,2.0241,2.3423
1358.625,14.75,75.0214,124.6628,344.6059,3.0768,3.3929,2.3426,1.7052,2.0068
1358.75,14.758,75.1032,130.8102,349.5583,3.0248,3.2006,2.3439,1.6632,1.9672
1358.875,14.766,75.1433,136.329,349.3384,3.0238,3.1639,2.3535,1.6601,1.9618
1359,14.775,75.2814,140.3082,348.1959,3.0304,3.1116,2.3781,1.654,1.9591
1359.125,14.783,75.7074,134.8915,342.8559,3.042,2.9545,2.2179,1.6861,1.9895
1359.25,14.791,76.0415,130.0029,342.3607,3.0478,2.8798,2.1012,1.6928,1.9971
1359.375,14.8,76.2208,125.7785,338.2302,3.0905,2.9521,2.0845,1.7392,2.0434
1359.5,14.808,76.1166,122.2112,325.6882,3.3004,3.3142,2.2281,1.933,2.2311
1359.625,14.816,75.4067,115.3868,313.3009,3.7224,4.4319,2.4454,2.312,2.6085
1359.75,14.825,74.8833,111.9751,306.222,3.9035,4.7048,2.4578,2.528,2.8675
1359.875,14.833,74.5937,110.9789,299.7013,4.0408,4.633,2.4467,2.7031,3.0317
1360,14.841,74.5965,111.6578,296.9569,4.0915,4.5164,2.4282,2.7655,3.0962
1360.125,14.85,74.5965,113.7716,307.3909,3.7934,3.9897,2.4476,2.4649,2.7719
1360.25,14.858,74.6856,112.96,308.7576,3.7746,4.0015,2.468,2.427,2.7321
1360.375,14.866,74.7162,110.9293,306.9659,3.8537,4.255,2.4133,2.4909,2.8183
1360.5,14.875,74.4796,109.8657,307.878,3.8556,4.3299,2.3448,2.4744,2.785
1360.625,14.883,74.4835,114.0984,323.1398,3.4027,3.684,2.3476,2.006,2.3227
1360.75,14.891,74.552,117.9825,337.5231,3.1392,3.3024,2.355,1.7645,2.0814
1360.875,14.9,74.5993,121.7721,348.8659,3.0257,2.959,2.3374,1.66,1.9737
1361,14.908,74.7747,125.7687,352.3604,2.9927,2.73,2.3003,1.6337,1.9489
1361.125,14.917,75.2441,127.2797,345.6658,3.0388,2.9189,2.2836,1.6748,1.9805
1361.25,14.925,75.6099,124.0463,343.378,3.0557,2.8459,2.2623,1.6888,1.9996
1361.375,14.933,75.9089,120.1763,343.0302,3.0595,2.6988,2.2342,1.697,2.0094
1361.5,14.942,76.15,118.29,341.7121,3.0669,2.5943,2.2188,1.7091,2.0294
1361.625,14.95,76.3633,120.7804,342.0979,3.0691,2.7078,2.3018,1.7044,2.019
1361.75,14.958,76.3978,121.3721,340.9579,3.0752,2.6885,2.3522,1.7116,2.0278
1361.875,14.967,76.2993,120.7363,336.9231,3.123,2.7951,2.3776,1.753,2.0714
1362,14.975,76.1445,119.7931,331.027,3.2286,3.22,2.4133,1.8468,2.159
1362.125,14.983,75.6834,117.6925,325.6788,3.3639,3.4483,2.3989,1.9388,2.2467
1362.25,14.992,75.3594,116.175,324.4462,3.4065,3.5704,2.3531,1.9725,2.2832
1362.375,15,75.1144,114.2038,325.2312,3.3861,3.5076,2.3461,1.9569,2.2617
