"DEPTH","ZONE","SP","GR","AC","RLLD","RLLS","RMG","RMN"
1200.25,0,72.7001,121.9537,313.338,2.9139,3.481,1.6981,1.7826
1200.375,0.008,72.0143,111.3089,347.6693,2.794,3.3337,2.47,2.9036
1200.5,0.017,71.2251,103.6522,349.1585,3.1516,3.5564,2.8102,3.3977
1200.625,0.025,71.2366,101.8967,339.4504,3.6869,3.9382,3.1239,3.9771
1200.75,0.033,71.7959,100.2907,330.7817,3.9564,4.1366,2.9644,3.6215
1200.875,0.042,72.602,96.8918,309.1027,3.8337,4.0636,2.734,3.2869
1201,0.05,73.1483,94.987,300.3376,3.5347,3.8516,1.4291,1.392
1201.125,0.059,73.0847,102.7931,319.684,3.1831,3.5436,1.362,1.3542
1201.25,0.067,73.0449,110.4499,355.865,2.8168,3.2033,1.7798,1.9012
1201.375,0.075,73.3146,111.0475,355.9414,2.7155,3.0852,1.9478,2.1453
1201.5,0.084,73.9221,106.7896,340.3638,2.777,3.1064,1.4656,1.445
1201.625,0.092,74.6347,107.4992,342.9408,2.7548,3.132,2.1301,2.4193
1201.75,0.1,75.1825,112.0933,339.9071,2.7701,3.1822,1.7019,1.8068
1201.875,0.109,74.5926,114.4463,336.694,2.9542,3.3285,1.6611,1.8446
1202,0.117,73.3245,116.5006,353.3959,3.1686,3.499,2.3366,2.7098
1202.125,0.125,72.1829,116.6126,352.8723,3.1914,3.5338,2.5017,2.9495
1202.25,0.134,71.8304,115.6042,334.3848,3.1744,3.5364,2.559,3.0327
1202.375,0.142,72.2419,110.786,320.6253,3.1424,3.5305,2.2231,2.545
1202.5,0.151,73.1559,110.2258,318.8525,2.9839,3.4231,2.3001,2.6568
1202.625,0.159,74.1827,115.903,318.439,2.7905,3.2875,1.6429,1.8672
1202.75,0.167,73.8072,116.7994,327.3204,2.6895,3.2227,1.5838,1.9971
1202.875,0.176,73.1276,111.3089,358.4984,2.9847,3.473,1.9621,2.5889
1203,0.184,72.2212,106.192,364.9642,3.5474,3.9233,4.693,6.1318
1203.125,0.192,72.4127,106.6028,328.267,3.9199,4.2214,4.2757,5.5259
1203.25,0.201,73.1866,104.1751,286.5749,3.8901,4.2134,2.5622,3.0374
1203.375,0.209,74.0693,100.2907,295.8411,3.7331,4.1379,2.3275,2.6966
1203.5,0.217,74.1214,99.7678,333.7182,3.5389,3.9951,1.9532,2.1531
1203.625,0.226,73.267,101.5979,352.5543,3.0303,3.5115,2.5605,3.035
1203.75,0.234,72.9797,103.1293,338.9507,2.8121,3.275,1.5064,1.5487
1203.875,0.242,73.077,103.9883,340.7826,2.9431,3.3659,2.3911,2.8113
1204,0.251,73.3245,102.1582,355.1908,2.933,3.3821,2.2411,2.571
1204.125,0.259,73.9107,103.316,336.6933,2.7576,3.2578,2.2649,2.6057
1204.25,0.268,73.133,109.927,324.5313,2.6402,3.131,1.6321,1.6867
1204.375,0.276,71.5967,112.9523,331.8382,2.5934,3.0995,1.7017,1.7878
1204.5,0.284,70.5662,110.2258,348.9615,2.551,3.1392,2.3893,2.7863
1204.625,0.293,70.5317,102.6064,349.3395,2.8124,3.4513,2.603,3.0967
1204.75,0.301,70.7577,98.0497,344.7254,3.5925,4.2145,4.3311,6.237
1204.875,0.309,70.829,95.5099,328.8724,4.7125,5.2283,6.8074,10.0593
1205,0.318,70.6964,97.228,283.5016,6.0378,6.2903,4.9733,6.8617
1205.125,0.326,70.2712,108.0595,240.9075,6.8692,6.8447,4.9091,6.4455
1205.25,0.334,70.3861,115.6042,242.1255,6.6257,6.6004,3.8547,4.9145
1205.375,0.343,71.1845,113.4005,262.0991,5.112,5.3928,2.2414,2.5716
1205.5,0.351,71.9147,105.7438,284.9532,3.3936,4.0187,1.355,1.4341
1205.625,0.36,72.5851,99.8798,333.817,3.1683,3.6989,2.117,2.3909
1205.75,0.368,72.4357,98.3485,364.5523,3.115,3.5569,3.489,4.3834
1205.875,0.376,71.7806,102.3076,324.0953,3.1205,3.4964,2.9061,3.5369
1206,0.385,71.0336,109.3294,286.8522,3.0391,3.4303,1.6278,1.6804
1206.125,0.393,70.9171,113.4379,314.8054,2.8678,3.3273,1.8401,2.0135
1206.25,0.401,71.1025,107.3125,325.9658,3.1266,3.5318,1.4216,1.4302
1206.375,0.41,71.196,98.2738,349.874,3.8177,4.0522,1.5725,2.0692
1206.5,0.418,70.8267,94.987,364.1308,4.3019,4.3908,2.9134,5.3894
1206.625,0.426,69.8552,96.7798,297.3065,4.6775,4.6356,5.3005,7.1069
1206.75,0.435,69.2713,95.2111,256.8937,4.6101,4.5482,2.5847,3.2558
1206.875,0.443,69.8306,94.5388,290.2694,3.7047,3.8627,2.051,2.295
1207,0.452,70.5509,97.8256,321.3225,2.8439,3.1392,1.1402,1.1035
1207.125,0.46,71.8189,101.2991,343.0557,2.6041,2.8672,1.1776,1.0803
1207.25,0.468,72.3783,104.7727,374.3941,2.5319,2.7112,1.4801,1.466
1207.375,0.477,72.6043,109.0306,365.2016,2.5369,2.6613,1.4397,1.4072
1207.5,0.485,72.1829,110.674,321.0835,2.5775,2.6912,1.1337,0.9631
1207.625,0.493,71.2634,107.4992,330.5445,2.6163,2.7248,1.4084,1.3619
1207.75,0.502,70.9263,103.5028,368.6791,2.6237,2.725,1.4141,1.3701
1207.875,0.51,70.6873,100.5148,361.0885,2.6765,2.7529,1.3859,1.3293
1208,0.518,70.7731,105.445,351.8212,2.8365,2.8829,1.5022,1.8646
1208.125,0.527,70.5907,108.9932,356.7147,2.9648,3.0172,1.4291,1.6644
1208.25,0.535,70.0682,108.3583,368.9028,3.1293,3.1643,1.5725,1.6002
1208.375,0.543,69.2637,108.5077,365.9139,3.3256,3.3237,1.7722,1.8903
1208.5,0.552,68.8499,108.7318,351.97,3.3808,3.3862,1.9972,2.217
1208.625,0.56,69.4859,107.6486,339.5611,3.3076,3.3355,1.6355,1.7447
1208.75,0.569,70.1946,105.3703,340.5066,3.2147,3.2371,1.7868,2.0221
1208.875,0.577,71.1615,105.6691,351.3285,3.0662,3.0971,1.8549,2.0397
1209,0.585,71.9683,103.8016,351.2673,2.8142,2.8952,1.6138,1.6602
1209.125,0.594,71.6848,99.1702,341.6826,2.7015,2.7925,1.7113,1.8029
1209.25,0.602,71.455,93.7171,352.4344,2.8322,2.8552,1.717,1.8146
1209.375,0.61,71.3975,89.6086,354.3931,2.9893,2.941,4.193,5.4069
1209.5,0.619,71.3171,94.3894,311.1233,3.0741,2.9721,2.0273,2.2607
1209.625,0.627,72.0143,101.2991,289.4087,3.115,2.9936,1.4104,1.6979
1209.75,0.635,72.7537,107.0884,319.0004,2.9929,2.9209,1.2884,1.2844
1209.875,0.644,72.9989,110.3005,345.5722,2.6911,2.7136,1.2607,1.2449
1210,0.652,72.9721,114.8572,358.0908,2.3738,2.4749,1.1928,1.0488
1210.125,0.661,73.5046,119.6006,362.9737,2.221,2.3437,0.7805,0.4499
1210.25,0.669,74.0064,121.5802,373.9267,2.1059,2.2576,0.8229,0.5116
1210.375,0.677,74.129,119.638,369.659,1.9924,2.1946,0.8323,0.5755
1210.5,0.686,74.4508,113.5126,370.4521,1.9897,2.2115,0.904,0.6293
1210.625,0.694,73.5789,106.3414,380.3647,2.1444,2.3334,1.4327,1.3971
1210.75,0.702,72.2863,103.5775,368.465,2.3383,2.5062,1.8603,2.0182
1210.875,0.711,71.137,102.2702,339.5437,2.5401,2.7073,1.7516,1.8603
1211,0.719,70.5509,97.228,340.2726,2.9362,3.0479,2.0349,2.2716
1211.125,0.727,70.7294,88.9363,344.7496,3.6524,3.6044,3.2861,4.1608
1211.25,0.736,71.4512,88.7869,322.3554,3.9846,3.8788,4.0653,5.3644
1211.375,0.744,72.3453,94.4641,290.2264,3.8337,3.7957,2.457,2.8845
1211.5,0.753,72.3821,102.3076,291.5928,3.4148,3.5143,1.2218,1.3685
1211.625,0.761,72.1622,109.4041,326.9691,2.92,3.1486,1.3974,1.3459
1211.75,0.769,72.2174,113.3632,341.3399,2.4958,2.7901,1.2369,1.2501
1211.875,0.778,72.474,114.521,345.4522,2.2038,2.5147,1.7852,1.9776
1212,0.786,73.2479,115.6042,338.0322,2.0926,2.4175,1.0747,0.8773
1212.125,0.794,73.4241,110.9354,358.535,2.1733,2.5286,1.039,0.9144
1212.25,0.803,73.0832,102.0835,378.9635,2.5685,2.8839,1.7352,1.8364
1212.375,0.811,72.2541,95.1364,354.2188,3.123,3.3116,3.8273,5.7297
1212.5,0.819,71.9837,97.8256,295.2135,3.4996,3.5595,4.4567,5.7886
1212.625,0.828,73.0357,103.6148,256.0831,3.6161,3.6789,1.2991,1.6212
1212.75,0.836,74.1214,104.0257,307.1474,3.4514,3.6179,1.7975,1.9861
1212.875,0.844,74.9427,99.6184,365.9042,2.9309,3.2563,2.047,2.2892
1213,0.853,75.1021,100.216,364.0345,2.5075,2.9024,1.7384,1.8411
1213.125,0.861,73.8317,103.1293,344.5177,2.612,2.9534,1.5951,2.0436
1213.25,0.87,72.7116,103.5028,351.9648,2.8333,3.155,2.0713,2.3247
1213.375,0.878,72.3844,108.5824,344.0144,2.9559,3.2706,2.3093,2.6701
1213.5,0.886,72.9644,113.2138,317.9977,2.9839,3.2837,2.1304,2.4104
1213.625,0.895,73.5161,117.6584,308.4183,2.9521,3.2545,1.816,1.9538
1213.75,0.903,74.106,124.5681,329.166,2.8704,3.1976,1.6171,1.6649
1213.875,0.911,74.0064,123.1862,369.8877,2.8285,3.1768,1.8555,2.1983
1214,0.92,73.0257,112.6162,384.5912,2.933,3.254,2.2411,2.571
1214.125,0.928,72.2955,103.5401,363.5744,3.1887,3.4575,2.6213,3.1232
1214.25,0.936,72.4127,102.8305,332.5245,3.3623,3.5984,3.1754,3.9279
1214.375,0.945,73.3682,106.3787,312.7052,3.4323,3.6486,2.6213,3.1232
1214.5,0.953,74.6347,109.4788,312.9853,3.2238,3.5216,2.9423,3.5895
1214.625,0.962,74.981,110.3005,315.3738,2.9406,3.3345,2.0364,2.4338
1214.75,0.97,73.5544,110.2258,318.4856,2.9998,3.3724,1.6541,2.0969
1214.875,0.978,69.9954,112.5041,343.3485,3.305,3.5909,5.5369,7.3865
1215,0.987,67.7236,116.2018,323.2688,3.61,3.8444,3.2903,4.5456
1215.125,0.995,66.2257,114.2222,298.2884,4.1271,4.2727,3.0071,3.8674
1215.25,1.011,64.5783,109.18,301.4308,5.086,5.072,3.2603,4.9012
1215.375,1.038,61.0577,103.2413,295.148,5.4338,5.4815,4.7039,7.1643
1215.5,1.065,55.3495,97.228,274.7326,5.3842,5.6229,5.2246,6.9038
1215.625,1.092,48.8483,95.2858,271.5022,6.2244,6.5179,3.7366,5.943
1215.75,1.12,41.872,93.0448,284.688,8.22,8.547,4.9883,8.2264
1215.875,1.147,35.7692,88.1146,277.2813,9.809,10.1233,5.6753,10.1377
1216,1.174,33.6584,86.6206,253.1294,10.2207,10.4153,5.3653,10.1042
1216.125,1.201,35.39,91.6255,252.1303,10.5564,10.5377,5.3832,9.4554
1216.25,1.228,38.0487,93.7171,265.5998,10.4409,10.3655,4.8337,7.8552
1216.375,1.255,39.3857,93.7918,275.0381,9.045,9.1308,6.1053,9.4554
1216.5,1.283,40.4622,95.8834,276.3581,7.238,7.4907,5.4609,7.5573
1216.625,1.31,42.9102,101.0003,276.0013,6.7118,6.8399,4.4347,6.4776
1216.75,1.337,47.4155,106.0426,275.8687,6.1545,6.2626,4.3794,5.993
1216.875,1.364,53.1558,110.4125,276.6849,5.3824,5.5915,3.4928,4.7527
1217,1.391,57.1117,114.8572,278.9579,4.9364,5.1914,3.445,4.5284
1217.125,1.418,57.8664,113.1391,284.1597,4.7544,5.0051,3.4783,4.778
1217.25,1.446,56.3417,114.2596,296.7681,4.7698,4.9971,3.9621,5.943
1217.375,1.473,55.6215,120.1982,302.4049,5.0295,5.2352,4.4903,5.8635
1217.5,1.5,56.2842,121.132,292.9396,5.5402,5.6855,3.5631,4.976
1217.625,1.527,57.9545,118.6295,289.3653,6.111,6.1949,4.1796,6.2328
1217.75,1.554,58.4066,114.9319,285.0754,6.3816,6.462,4.715,6.4975
1217.875,1.582,57.2726,109.6655,277.365,6.1859,6.3008,4.0099,5.4218
1218,1.609,56.8436,107.9848,265.0908,5.7991,5.951,3.0605,4.3958
1218.125,1.636,57.8649,110.2258,262.1798,5.2958,5.517,2.3719,3.4284
1218.25,1.663,59.69,107.9848,282.6397,4.7963,5.093,2.7098,3.3728
1218.375,1.69,61.0439,104.2871,304.7337,4.5197,4.8234,3.2968,4.1042
1218.5,1.717,61.5097,103.6522,293.5081,4.9608,5.0837,1.4367,3.0062
1218.625,1.745,61.63,102.9052,306.6351,5.6267,5.5732,3.6983,6.1283
1218.75,1.772,60.8968,101.3365,304.5505,5.416,5.4287,7.0971,9.6231
1218.875,1.799,61.7204,99.6557,264.7222,5.2714,5.311,2.4202,3.0324
1219,1.826,64.1531,104.9968,277.5664,5.4924,5.4968,1.2658,2.1796
1219.125,1.853,65.8219,111.3089,340.0342,5.0087,5.1204,3.4563,5.2939
1219.25,1.88,67.7734,117.4717,321.9611,4.0573,4.277,4.8149,6.3088
1219.375,1.908,70.0299,125.091,288.7293,3.5642,3.7781,1.9696,2.1769
1219.5,1.935,71.0642,131.5899,316.0565,3.3341,3.5615,1.5838,1.6165
1219.625,1.962,70.3632,130.2827,336.8765,2.8663,3.2135,1.3473,1.7315
1219.75,1.989,69.4782,129.573,346.7422,2.7213,3.1048,1.6321,1.7795
1219.875,2.034,67.4899,135.1382,364.1437,3.0067,3.3505,1.9662,2.2181
1220,2.091,63.3256,134.5779,365.8063,3.4996,3.7942,4.8927,7.027
1220.125,2.148,58.7744,124.344,317.615,4.4868,4.6666,3.7586,7.7054
1220.25,2.205,52.2272,117.7705,273.9749,6.1593,6.1386,6.3104,10.8084
1220.375,2.261,44.3353,118.4801,252.167,8.572,8.2694,6.0929,10.3986
1220.5,2.318,36.6006,127.7055,242.0005,11.2808,10.7094,7.0118,11.6935
1220.625,2.375,30.2794,135.6984,252.1479,13.1589,12.4421,7.1356,12.3506
1220.75,2.432,28.2068,142.5708,250.7303,12.7095,12.0671,7.8425,12.0569
1220.875,2.489,32.139,148.5468,255.4546,10.7577,10.3722,5.16,8.2144
1221,2.545,39.1367,150.5637,272.3443,8.7797,8.6849,3.7103,5.3067
1221.125,2.602,44.1285,150.6011,276.1212,7.1207,7.363,3.6496,5.2241
1221.25,2.659,44.8908,141.3756,286.0369,6.18,6.5927,3.5669,5.497
1221.375,2.716,43.2458,122.1778,295.7437,6.3455,6.6419,4.5031,7.6556
1221.5,2.773,41.7954,106.4908,282.4532,7.2687,7.2077,5.0259,9.1949
1221.625,2.83,44.2013,102.3076,266.0065,8.032,7.6427,5.2085,8.3133
1221.75,2.886,49.9209,103.8016,257.0425,8.2179,7.6869,4.7665,6.7876
1221.875,2.943,54.1519,108.9932,262.2304,7.5802,7.197,3.888,5.8315
1222,3,55.6253,110.3752,275.7491,6.4474,6.3415,4.4492,6.0008
1222.125,3.031,54.1289,105.6691,286.4837,5.7741,5.7673,3.905,5.7403
1222.25,3.062,53.4416,102.6811,284.5439,6.1418,5.9397,5.0071,7.8131
1222.375,3.094,54.0699,105.9679,272.9913,6.6798,6.2475,6.3638,8.8671
1222.5,3.125,55.9624,113.0644,261.1431,6.8952,6.3374,4.3386,6.1006
1222.625,3.156,58.4817,121.0946,265.8384,6.7638,6.196,3.7277,5.2615
1222.75,3.188,59.69,123.4477,281.9956,6.3684,5.872,3.3821,4.6446
1222.875,3.219,60.0654,124.6802,294.9368,5.6712,5.319,3.2364,4.401
1223,3.25,61.2109,125.1657,301.6087,5.0998,4.7998,3.2012,4.3802
1223.125,3.281,62.5196,127.2573,299.1582,5.0362,4.6626,3.22,4.3714
1223.25,3.312,64.5477,130.32,296.1449,5.0207,4.6148,3.242,4.4044
1223.375,3.344,65.6625,129.3489,296.3748,4.9856,4.5823,3.2367,4.3756
1223.5,3.375,65.0342,127.4067,296.4752,4.9576,4.5466,3.1647,4.2805
1223.625,3.406,63.9485,129.7224,300.0143,4.9476,4.5335,3.1829,4.2895
1223.75,3.438,64.2259,129.4983,302.1811,4.9533,4.5169,3.2753,4.4044
1223.875,3.469,65.7506,125.3525,298.4686,4.9576,4.4949,3.2066,4.2973
1224,3.5,67.1873,123.6718,295.1395,4.9905,4.5066,3.2313,4.4302
1224.125,3.531,68.5917,126.6597,294.6232,5.0918,4.5767,3.358,4.6201
1224.25,3.562,68.5702,125.091,292.7835,5.1624,4.6245,3.5964,4.8926
1224.375,3.594,67.3773,121.5055,290.018,5.1764,4.6333,3.4636,4.6693
1224.5,3.625,67.1489,118.891,290.1101,5.3131,4.7116,3.4965,4.3943
1224.625,3.656,66.9536,118.5175,290.8086,5.5585,4.8678,5.5809,7.4211
1224.75,3.688,67.8692,118.4428,287.9961,5.5757,4.8751,4.0062,5.1343
1224.875,3.719,68.9855,115.5668,284.9049,5.515,4.8403,3.5334,4.4478
1225,3.75,68.6967,112.0186,286.9563,5.6059,4.9218,3.2377,4.0184
1225.125,3.781,67.4746,111.9812,293.2986,5.7606,5.0576,3.5223,4.4318
1225.25,3.812,66.218,112.7656,296.5186,5.8213,5.0904,3.8032,4.8396
1225.375,3.844,67.1275,114.4463,292.1131,5.875,5.094,3.7184,4.7163
1225.5,3.875,69.3786,119.638,289.7919,5.8967,5.0746,3.474,4.3615
1225.625,3.906,72.6043,123.9332,290.3666,5.6481,4.9054,3.1424,3.8799
1225.75,3.938,74.2708,124.7922,288.2971,5.173,4.5907,3.0278,3.7135
1225.875,3.969,73.5812,123.2983,294.0151,4.7576,4.3183,3.0186,3.7003
1226,4,72.6273,121.2814,303.2343,4.6329,4.2391,2.9725,3.6332
1226.125,4.031,71.2673,120.8705,306.8823,4.9162,4.4588,3.096,3.8125
1226.25,4.062,71.0834,124.5681,298.7766,5.5147,4.9197,3.8214,4.8661
1226.375,4.094,72.8188,140.2551,285.4037,6.1267,5.37,4.3584,5.646
1226.5,4.125,75.3779,166.6989,276.0235,6.5206,5.6414,3.9616,5.0697
1226.625,4.156,77.3762,186.0462,261.3308,6.4813,5.6268,3.2599,4.0668
1226.75,4.188,76.9601,189.7812,250.3011,6.094,5.3959,2.5219,3.0109
1226.875,4.219,76.4353,181.975,292.5745,5.4075,4.9459,2.7086,3.25
1227,4.25,76.0215,170.7327,335.9818,4.652,4.4257,2.9348,3.5786
1227.125,4.281,76.4912,158.2578,334.3697,4.3641,4.2116,2.9314,3.5736
1227.25,4.312,78.2167,142.9443,323.6756,4.4079,4.2514,3.0723,3.7782
1227.375,4.344,79.8158,130.9923,312.6964,4.6006,4.4156,3.14,3.8765
1227.5,4.375,80.6724,129.4983,304.5449,4.7635,4.5794,3.43,4.2976
1227.625,4.406,79.2128,129.1248,293.0579,4.8284,4.6828,3.2729,4.0694
1227.75,4.438,79.435,124.6428,289.444,4.7883,4.7116,3.0498,3.7953
1227.875,4.469,79.864,122.4019,294.2896,4.843,4.8337,3.1923,4.0465
1228,4.5,78.8412,113.662,299.4131,5.1019,5.1012,4.9368,6.4858
1228.125,4.531,75.6936,104.3245,289.2171,5.5428,5.5249,5.2246,6.9038
1228.25,4.562,69.5433,100.963,272.3228,6.0919,6.1052,5.0882,6.7057
1228.375,4.594,58.474,97.4894,265.9076,6.7071,6.7502,4.7134,6.1614
1228.5,4.625,41.8644,89.9074,282.2949,7.4767,7.5204,4.7671,6.3485
1228.625,4.656,22.1922,81.2796,311.4319,8.3413,8.3871,5.2596,7.8048
1228.75,4.688,5.3703,74.3698,290.1436,9.0683,9.1226,4.4014,7.3124
1228.875,4.719,-6.1994,71.0457,287.2282,9.9705,9.9834,4.4406,7.1861
1229,4.75,-13.3633,68.2444,289.5983,11.4091,11.3747,4.243,7.169
1229.125,4.781,-17.2311,62.9034,290.6715,12.9906,13.0066,4.6635,8.2186
1229.25,4.812,-16.976,56.9647,295.1043,15.5453,15.3418,4.649,8.4128
1229.375,4.844,-11.7045,56.1804,291.3949,22.0427,20.6138,5.5422,9.7941
1229.5,4.875,-1.9776,73.6228,264.29,25.2949,23.3251,6.2589,10.7218
1229.625,4.906,16.5185,93.7544,245.9977,19.4237,18.4247,4.8833,7.9129
1229.75,4.938,36.9645,108.0595,255.0833,11.4055,11.6274,2.3517,3.2978
1229.875,4.969,54.0086,114.6331,264.0271,6.8817,7.5793,1.9312,2.9558
1230,5,63.5631,114.2596,277.4994,4.599,5.4148,1.8276,2.8097
1230.125,5.016,68.4898,115.268,295.1542,3.9581,4.7364,2.1968,2.982
1230.25,5.032,71.4473,116.0524,313.9709,4.1766,4.8777,3.227,4.1931
1230.375,5.048,73.5774,115.268,311.4354,5.0501,5.7009,3.9085,4.9924
1230.5,5.064,76.4889,119.638,282.8651,5.9391,6.6572,4.2945,5.5531
1230.625,5.08,78.9124,126.5103,267.074,5.9046,6.759,3.9881,5.1082
1230.75,5.096,81.5841,128.9754,277.5978,5.4526,6.4087,2.4817,2.9205
1230.875,5.112,84.1754,126.0621,303.7204,4.9306,5.93,1.6944,2.0381
1231,5.128,86.4572,123.6718,310.8369,4.3793,5.3882,1.9607,2.306
1231.125,5.144,88.5642,129.4983,296.2995,3.8707,4.8451,1.9404,2.2135
1231.25,5.16,90.836,130.6935,287.1013,3.7039,4.643,1.8163,2.1125
1231.375,5.176,91.6712,124.0452,316.4749,3.8609,4.789,1.698,2.2805
1231.5,5.192,88.1275,117.0982,348.5616,4.0865,5.0161,1.6579,2.752
1231.625,5.208,76.3985,108.8812,341.5357,4.3862,5.3216,2.4075,4.02
1231.75,5.224,58.8472,94.7629,314.8507,5.2425,6.1663,5.0066,6.9576
1231.875,5.24,36.3592,81.2049,279.7449,6.9384,7.8497,7.4236,10.2824
1232,5.256,13.9747,71.9794,260.2263,9.1734,10.1477,6.2589,9.5708
1232.125,5.272,-5.3244,65.1444,269.5963,11.4562,12.5539,5.2989,8.819
1232.25,5.288,-20.8682,65.4058,284.7112,13.7054,14.8856,5.3395,8.83
1232.375,5.304,-34.4583,68.2444,286.6805,15.4255,16.7015,4.9588,7.9882
1232.5,5.321,-46.3712,63.9118,285.8933,16.1332,17.6493,4.3461,7.5277
1232.625,5.337,-54.1926,58.0852,285.998,16.488,18.2633,4.5881,7.8596
1232.75,5.353,-60.9635,59.131,285.1317,17.1747,19.1239,4.9771,8.55
1232.875,5.369,-65.5392,60.1768,283.7643,17.7357,19.8114,5.2067,9.0779
1233,5.385,-70.3533,55.9936,283.0784,18.04,20.1679,5.5501,9.744
1233.125,5.401,-76.6192,54.4249,281.2535,18.4619,20.6569,5.6531,9.8628
1233.25,5.417,-82.4745,54.9478,280.3043,19.1744,21.4667,5.5645,9.6285
1233.375,5.433,-86.1462,55.9189,280.787,19.773,22.1365,5.4646,9.5999
1233.5,5.449,-86.9262,54.3502,279.8412,20.4106,22.8177,5.5425,9.6285
1233.625,5.465,-85.1677,54.1635,284.1053,21.3666,23.6125,5.4721,9.6469
1233.75,5.481,-83.2446,54.7237,291.4749,22.4575,24.4758,5.4872,9.6504
1233.875,5.497,-80.6778,54.1635,298.7826,23.6461,25.4852,5.5013,9.5672
1234,5.513,-76.7587,55.6948,291.9677,24.5733,26.1944,5.491,9.5708
1234.125,5.529,-68.499,60.3262,280.0184,24.885,26.2305,5.4627,9.4775
1234.25,5.545,-55.5235,67.2733,275.836,25.4583,26.3359,5.4496,9.4203
1234.375,5.561,-36.514,73.7722,283.8324,25.5835,25.6439,5.5202,9.4916
1234.5,5.577,-9.1416,86.023,291.3116,21.6669,21.3939,5.52,8.9953
1234.625,5.593,19.2982,101.7847,283.1678,14.5718,14.5894,2.6014,4.4172
1234.75,5.609,41.7839,113.8861,266.5829,9.9676,10.2363,1.6986,2.8307
1234.875,5.625,54.748,120.497,253.8849,6.8239,7.2518,1.9978,2.518
1235,5.641,60.9044,125.6139,247.1538,4.5947,5.1166,1.8565,2.0127
1235.125,5.657,65.0381,124.9416,314.393,3.8044,4.2832,2.0864,2.4736
1235.25,5.673,67.2256,119.7127,359.2235,3.6652,4.0602,1.82,2.6584
1235.375,5.689,67.2815,114.3716,339.7873,3.9206,4.2293,1.5932,2.7192
1235.5,5.705,65.425,108.1342,311.8561,4.4207,4.6584,1.2444,2.7941
1235.625,5.721,64.2297,103.0546,288.7727,5.1242,5.2606,1.8255,3.8555
1235.75,5.737,65.2679,107.9848,272.8208,5.7046,5.7685,1.9532,3.2838
1235.875,5.753,66.49,117.9572,263.5662,5.845,5.8797,1.8643,2.4104
1236,5.769,68.1757,120.385,270.2165,5.5975,5.6814,2.153,2.4431
1236.125,5.785,69.266,115.5668,309.815,5.0958,5.2816,2.1524,2.6826
1236.25,5.801,68.8576,108.9559,320.2772,4.7804,5.0248,2.0236,2.989
1236.375,5.817,67.9213,105.8185,303.4792,4.8151,5.0325,2.0324,3.5422
1236.5,5.833,68.2293,106.3414,286.0765,5.016,5.1401,2.3592,3.0827
1236.625,5.849,71.2443,109.0306,284.2178,5.2064,5.2255,2.2636,2.8054
1236.75,5.865,72.8341,113.4379,292.6919,5.2112,5.1822,2.4628,2.9103
1236.875,5.881,74.2915,119.8621,304.7246,5.0473,5.0289,2.1474,3.0361
1237,5.897,74.4049,124.4187,313.6845,4.826,4.8346,3.7178,4.7155
1237.125,5.913,72.4817,127.4814,308.5004,4.677,4.6755,3.3046,4.1156
1237.25,5.929,72.2365,129.1995,301.2355,4.6886,4.6476,3.2232,3.9974
1237.375,5.946,74.1574,131.2538,286.5257,4.655,4.6212,2.6828,3.2125
1237.5,5.962,77.4773,130.6935,284.3599,4.4674,4.4953,1.8942,2.0673
1237.625,5.978,79.5637,129.7598,317.4557,4.2034,4.3124,1.8721,2.107
1237.75,5.994,81.1244,129.6477,319.6209,4.0254,4.1914,1.7352,2.2692
1237.875,6.023,81.0593,127.5188,330.1716,4.0034,4.1919,2.0139,2.4419
1238,6.063,79.8832,122.7754,341.708,4.1268,4.315,2.3667,2.7535
1238.125,6.102,80.4027,124.4934,331.5262,4.3762,4.612,2.7652,3.3321
1238.25,6.141,81.4041,128.826,316.3945,4.5555,4.8665,2.6991,3.2862
1238.375,6.18,83.6184,131.3658,298.9498,4.6489,4.9895,2.2618,3.2402
1238.5,6.219,86.5644,130.6935,298.0456,4.6456,5.0131,2.4548,3.6581
1238.625,6.258,86.5798,130.0959,296.9707,4.6454,5.0446,2.7522,3.4351
1238.75,6.297,84.1241,124.9416,290.5018,4.7008,5.1381,3.2861,4.3319
1238.875,6.336,79.4564,112.9523,293.7631,4.7451,5.2223,4.1299,5.314
1239,6.375,71.3017,102.0088,287.7535,4.8165,5.3308,4.4718,5.8105
1239.125,6.414,56.439,99.9919,281.1662,5.2377,5.7945,4.9162,6.4558
1239.25,6.453,40.2323,94.987,281.9328,5.9874,6.6506,5.0254,6.8367
1239.375,6.492,28.439,81.9145,282.815,7.0188,7.8281,4.475,6.9626
1239.5,6.531,23.3147,71.83,284.7478,8.7404,9.7028,4.9067,8.4198
1239.625,6.57,24.8915,66.489,255.4321,13.7054,14.9723,7.7893,12.6282
1239.75,6.609,28.0459,65.0323,219.0827,20.7406,22.4897,9.468,14.607
1239.875,6.648,30.8096,66.601,206.7146,26.3328,28.6009,9.7942,14.8697
1240,6.688,32.7236,69.7384,204.016,31.2169,34.2218,10.3648,15.2823
1240.125,6.727,32.6638,76.2,196.6427,34.8812,39.2871,11.2181,16.707
1240.25,6.766,30.766,81.7651,189.2797,36.4275,41.8859,11.6246,17.2389
1240.375,6.805,27.3855,81.9519,193.6608,37.2718,43.0239,11.0557,16.8442
1240.5,6.844,24.3031,79.7482,197.5382,37.0073,42.6675,9.4712,14.3761
1240.625,6.883,20.7916,79.8976,203.1078,30.9115,35.8329,5.3433,11.1714
1240.75,6.922,19.1887,83.1097,206.9501,23.8353,27.9831,7.3629,12.7954
1240.875,6.961,19.6767,84.8652,215.1959,17.6447,21.059,5.8763,8.504
1241,7,20.6866,91.7002,239.4754,12.779,15.5909,4.302,6.1754
1241.125,7.03,19.1136,92.8207,255.3392,9.5864,12.0395,5.3283,7.4669
1241.25,7.06,12.4729,84.0061,256.6564,7.9871,10.1892,5.1398,7.3195
1241.375,7.089,-0.2192,71.718,253.8421,7.9914,10.0703,5.2171,8.5745
1241.5,7.119,-16.8802,62.866,267.8446,9.0864,11.1276,5.0259,8.6646
1241.625,7.149,-30.9959,60.9238,293.6923,10.9808,13.1225,5.0828,8.6472
1241.75,7.179,-40.2224,62.7913,301.2355,13.0603,15.3351,5.0995,8.5999
1241.875,7.208,-46.6217,62.9781,298.8646,14.7729,17.1834,4.9607,8.6287
1242,7.238,-50.8305,61.5214,289.2819,15.8414,18.4591,5.2032,9.0249
1242.125,7.268,-51.2151,61.9696,281.2025,16.1125,18.8397,5.23,9.0643
1242.25,7.298,-48.8805,62.3431,289.0917,16.5401,19.2863,5.2359,8.9734
1242.375,7.327,-42.816,64.5094,298.077,17.7398,20.3196,5.2305,9.0135
1242.5,7.357,-33.1696,66.7504,285.2595,19.9171,21.9679,5.2837,8.6646
1242.625,7.387,-19.1726,70.0746,278.2734,20.731,22.113,5.2104,8.4416
1242.75,7.417,-5.2263,81.541,278.838,17.9992,19.0915,4.8406,6.6004
1242.875,7.446,5.807,93.4556,271.9442,14.2957,15.1745,5.4577,7.3057
1243,7.476,17.4226,99.1702,270.207,12.3801,13.0733,5.5425,8.362
1243.125,7.506,31.0403,103.5028,271.6082,9.1237,9.7583,4.316,5.5843
1243.25,7.536,46.7757,113.662,272.6517,6.6676,7.1221,3.467,4.3514
1243.375,7.565,56.5693,123.485,281.1207,5.7736,6.0189,3.1167,3.8426
1243.5,7.595,61.2262,128.0043,289.9853,4.9598,5.2365,3.1056,3.8266
1243.625,7.625,63.1954,128.7513,296.0398,4.1506,4.4889,3.2087,3.9764
1243.75,7.655,65.2832,131.1417,302.3278,4.0185,4.2786,3.3156,4.1315
1243.875,7.685,66.2969,130.1706,314.4828,4.2962,4.4371,4.0765,5.2365
1244,7.714,67.5091,131.4405,317.6794,4.5639,4.6368,3.3784,4.2227
1244.125,7.744,69.5303,136.6322,312.3481,4.8064,4.846,2.9891,3.6573
1244.25,7.774,69.9111,135.0261,293.5313,5.2043,5.1725,3.2823,4.0831
1244.375,7.804,68.5687,129.8345,264.5115,5.5488,5.4313,3.7148,4.7112
1244.5,7.833,68.4975,131.2911,240.3543,5.3863,5.255,1.3701,1.6586
1244.625,7.863,69.6491,134.0924,263.3352,4.9316,4.8292,1.7459,1.8521
1244.75,7.893,72.3591,133.8309,312.7591,4.3151,4.2863,1.4877,1.4769
1244.875,7.923,74.765,135.9225,350.4706,3.7623,3.8155,1.2238,1.2188
1245,7.952,75.7151,142.0479,367.3052,3.35,3.458,1.0962,1.0831
1245.125,7.982,74.8607,137.9394,374.7457,3.1765,3.2813,1.4449,1.4445
1245.25,8.012,74.0486,134.802,377.9108,3.1516,3.2166,1.1998,1.2984
1245.375,8.044,74.6385,133.9056,366.4086,3.2309,3.2501,1.2422,1.3019
1245.5,8.075,75.309,131.1417,357.6066,3.3957,3.3688,1.4882,1.5136
1245.625,8.106,76.8973,130.8056,357.8814,3.6304,3.5523,1.678,1.8804
1245.75,8.137,78.1631,135.1755,360.5768,3.8562,3.744,1.2073,1.7585
1245.875,8.169,77.665,136.184,349.0254,4.0588,3.9164,1.5011,2.0785
1246,8.2,76.9257,132.3369,324.2596,4.2234,4.0587,1.5838,2.3917
1246.125,8.231,76.6,132.449,328.3391,4.3416,4.1615,1.5932,2.2373
1246.25,8.262,77.1747,135.3249,314.9785,4.3814,4.216,1.82,2.341
1246.375,8.294,77.1808,138.3129,302.077,4.3623,4.236,1.5097,2.1651
1246.5,8.325,77.2091,130.8429,311.8793,4.3708,4.278,1.4141,2.4775
1246.625,8.356,76.2246,121.991,310.0333,4.5714,4.45,1.8956,3.225
1246.75,8.387,73.064,117.9199,286.8251,4.9539,4.7568,2.4773,3.8352
1246.875,8.419,69.9785,113.6246,267.6518,5.3842,5.1073,2.2504,4.1575
1247,8.45,65.1951,110.5246,263.0404,5.7396,5.4148,3.2237,4.3771
1247.125,8.481,56.7033,101.4485,267.0886,6.0951,5.7488,4.091,5.8577
1247.25,8.512,43.6151,90.505,273.0215,6.3376,6.0391,5.2654,7.1003
1247.375,8.544,27.5901,83.2591,273.3448,6.7201,6.4702,5.1269,6.869
1247.5,8.575,10.2893,77.9554,275.5049,7.6029,7.3102,5.7712,8.334
1247.625,8.606,-4.4164,72.6517,285.6039,9.0609,8.5911,4.7222,7.8559
1247.75,8.637,-12.9151,70.4107,294.8988,11.1158,10.3691,4.6597,7.7226
1247.875,8.669,-15.3631,73.6602,301.1736,14.311,13.1466,4.6414,7.8162
1248,8.7,-12.3366,77.3578,302.0327,17.0733,15.5448,4.4341,7.615
1248.125,8.731,-1.0237,92.5966,291.26,15.3488,14.1311,4.5007,7.0967
1248.25,8.762,15.7944,105.9679,276.7477,11.4977,10.9483,1.9753,2.7731
1248.375,8.794,32.6523,114.0728,271.7289,8.2834,8.2543,1.122,1.9888
1248.5,8.825,45.657,117.8452,284.451,6.4622,6.6675,1.4506,2.5788
1248.625,8.856,51.7813,113.4379,299.1955,5.352,5.704,2.1487,2.777
1248.75,8.887,54.4109,106.7896,296.7608,4.896,5.2452,2.7475,3.8594
1248.875,8.919,54.8576,102.4943,288.6368,5.2948,5.4914,4.7912,6.308
1249,8.95,55.3495,99.6184,282.9709,6.0198,6.0402,5.3577,7.0972
1249.125,8.981,55.4437,101.2618,270.6981,6.5753,6.5484,3.0052,4.2025
1249.25,9.012,55.9088,101.1871,257.2468,6.8591,6.8638,4.1023,5.2739
1249.375,9.044,54.771,98.4232,259.0302,6.8278,6.8841,4.3681,5.66
1249.5,9.075,52.7291,96.3316,268.26,6.4347,6.605,4.9518,6.5076
1249.625,9.106,51.1101,94.5388,272.0577,6.0569,6.3957,5.2026,6.8719
1249.75,9.137,46.542,89.4592,274.5714,6.7318,7.1191,4.4014,6.244
1249.875,9.169,38.7153,83.3712,255.187,8.9163,9.1203,6.1536,9.8953
1250,9.2,30.6395,81.6904,207.5569,11.9164,11.5398,5.7488,10.3772
1250.125,9.231,28.5769,87.2182,210.6515,13.698,12.6902,6.737,9.6184
1250.25,9.262,33.5779,95.0617,248.8726,13.8746,12.676,2.6175,4.3054
1250.375,9.294,42.734,100.6642,272.4464,11.4227,10.8622,1.3784,3.158
1250.5,9.325,52.89,102.9052,276.8586,7.7844,7.9642,2.4032,4.4926
1250.625,9.356,58.9338,108.6571,273.9966,5.7955,6.0101,1.6721,3.129
1250.75,9.387,62.161,120.385,273.9762,5.094,5.2011,1.1074,2.1039
1250.875,9.419,64.9001,127.0706,282.9616,4.8754,4.9242,0.9415,1.5854
1251,9.45,66.4364,125.4645,300.9741,4.617,4.6624,1.2884,2.1905
1251.125,9.481,68.2699,123.373,304.5387,4.2849,4.3982,1.6096,2.5788
1251.25,9.512,68.7503,120.3103,307.0915,4.1952,4.3278,1.2439,2.3987
1251.375,9.544,68.1511,115.4548,311.9677,4.3618,4.4771,1.1882,2.9205
1251.5,9.575,64.6358,107.686,302.7552,4.9141,4.9413,2.603,5.2116
1251.625,9.606,58.7491,99.0955,284.4413,5.8293,5.7019,2.7893,4.8843
1251.75,9.637,55.9892,96.3316,271.2903,6.8087,6.5102,2.7545,4.2766
1251.875,9.669,57.6994,99.6184,265.908,7.2939,6.9117,1.5564,2.7832
1252,9.7,62.3066,107.2378,272.6504,7.1276,6.7772,1.1628,2.32
1252.125,9.731,65.6051,113.774,281.4495,6.462,6.2554,1.6211,3.0678
1252.25,9.762,66.0571,116.0524,281.1915,5.8734,5.7644,2.2706,3.2261
1252.375,9.794,63.0904,110.8234,279.4609,5.6468,5.5425,4.759,6.2644
1252.5,9.825,58.1154,102.1582,272.4458,5.7917,5.6332,5.5049,7.3109
1252.625,9.856,55.3341,97.7509,272.4389,6.4161,6.1245,5.3449,7.1291
1252.75,9.887,53.8707,94.8376,284.7366,7.317,6.8418,5.2321,7.0161
1252.875,9.919,56.1938,98.087,290.4047,7.995,7.3569,3.2531,4.8185
1253,9.95,61.1879,103.6522,285.6938,8.037,7.3615,1.2583,2.348
1253.125,9.981,65.9521,108.0595,288.545,7.3772,6.8336,1.362,2.2618
1253.25,10.006,69.2713,110.2258,284.2296,6.3875,6.0386,1.174,1.895
1253.375,10.022,72.1599,112.7282,288.6464,5.3571,5.2337,1.7836,2.1128
1253.5,10.037,74.0524,113.3632,322.3081,4.6287,4.6727,1.2658,1.8302
1253.625,10.053,72.9529,107.6486,334.2863,4.5905,4.6264,1.4624,2.7696
1253.75,10.069,71.0757,104.0257,299.2135,5.0171,4.972,1.7905,4.3553
1253.875,10.084,69.469,106.0052,271.6122,5.5407,5.3938,2.2797,4.6145
1254,10.1,68.2446,109.18,267.9434,5.9424,5.7234,1.6278,2.047
1254.125,10.116,69.944,113.5499,277.8288,6.0004,5.8077,1.4968,1.9557
1254.25,10.131,72.317,116.65,288.3414,5.572,5.5184,1.6021,2.0891
1254.375,10.147,74.6845,119.9741,289.0606,4.8603,4.9746,1.4302,2.2331
1254.5,10.162,77.6612,120.6838,291.0931,4.2679,4.4974,1.3324,2.2186
1254.625,10.178,78.0612,114.4837,302.6477,4.1713,4.4516,1.2127,2.4744
1254.75,10.194,75.7572,104.3992,313.6239,4.478,4.7506,2.0713,3.8305
1254.875,10.209,71.9936,97.228,296.0305,5.2494,5.441,3.8547,5.4556
1255,10.225,69.7923,96.3316,269.7667,6.1981,6.2903,4.8337,6.3361
1255.125,10.241,71.3669,103.1666,268.04,6.5464,6.6509,1.4807,3.028
1255.25,10.256,74.0562,106.2667,274.4931,6.4782,6.668,1.8018,3.8882
1255.375,10.272,76.7456,105.557,283.4669,6.2509,6.4977,3.3915,5.9449
1255.5,10.287,77.5156,105.8932,279.9745,5.7747,6.1058,1.4141,2.4635
1255.625,10.303,77.7187,108.3956,273.9276,4.9948,5.4735,1.29,1.8271
1255.75,10.319,77.8911,110.0017,289.1111,4.8229,5.422,1.4586,3.6581
1255.875,10.334,77.7823,101.8594,297.569,5.4674,6.147,5.3873,7.8731
1256,10.35,77.462,86.023,275.0938,6.1164,6.852,7.1525,9.9888
1256.125,10.366,77.2,78.441,239.7287,7.5212,8.1583,6.6518,9.7946
1256.25,10.381,77.6229,80.6446,225.0681,10.8654,11.3189,7.2298,10.4559
1256.375,10.397,76.9371,89.2351,227.9573,13.1947,13.972,7.6193,10.523
1256.5,10.412,75.286,99.1702,243.4884,12.0342,13.2599,5.2837,6.9895
1256.625,10.428,74.3397,97.4521,255.1365,9.5904,11.1882,4.8575,6.3707
1256.75,10.444,74.0294,94.5388,260.0019,7.4746,9.1713,4.8594,6.3735
1256.875,10.459,74.0463,93.7544,265.2085,6.5422,8.164,5.0603,6.6651
1257,10.475,72.9031,93.3436,264.0888,6.4389,8.0206,4.9808,6.6792
1257.125,10.491,69.7211,94.5014,257.5035,6.5496,8.1409,5.2654,6.9815
1257.25,10.506,65.0955,98.4979,254.2474,6.735,8.3881,5.1655,7.0028
1257.375,10.522,60.5673,102.4943,260.5777,7.0923,8.8438,5.1212,7.2079
1257.5,10.537,55.8705,102.6064,255.7026,7.674,9.5337,7.2856,9.8968
1257.625,10.553,45.9114,98.3858,230.0861,8.3063,10.3137,7.9298,10.8322
1257.75,10.569,28.203,87.517,223.6852,9.773,12.1405,6.8791,9.5723
1257.875,10.584,2.5928,71.2698,231.8372,12.7668,15.6801,5.5128,9.1032
1258,10.6,-27.8368,57.4876,219.1141,15.6695,19.0167,5.2987,9.5567
1258.125,10.616,-56.4965,46.6188,225.4684,18.2936,22.1604,5.3304,9.2436
1258.25,10.631,-81.7275,39.1115,267.2344,20.4864,25.405,4.8594,8.4276
1258.375,10.647,-102.7175,34.8536,286.9804,20.4374,26.6615,4.7655,8.2688
1258.5,10.662,-119.505,35.3765,289.8856,17.9106,24.2795,4.8036,8.2763
1258.625,10.678,-131.7856,39.0368,292.5715,15.539,21.4407,4.7689,8.237
1258.75,10.694,-141.7401,41.5766,293.9579,13.5192,18.9229,4.7483,8.4556
1258.875,10.709,-148.4137,43.22,292.3559,12.4361,17.5683,4.7671,8.6112
1259,10.725,-150.8119,44.7887,289.5691,12.1021,17.1428,4.7231,8.4915
1259.125,10.741,-151.2501,47.6646,287.7467,12.8846,18.0688,4.2612,7.9373
1259.25,10.756,-150.264,47.7766,286.8053,13.8046,19.1905,4.032,7.4559
1259.375,10.772,-148.6167,43.4067,286.8696,14.1364,19.6033,4.4011,7.8586
1259.5,10.787,-147.4866,41.8007,290.0438,14.1585,19.6133,4.4793,7.615
1259.625,10.803,-147.0958,45.1248,283.5604,14.1365,19.5652,4.5178,7.9126
1259.75,10.819,-145.5787,45.0128,278.6109,14.2115,19.5641,4.8256,8.2973
1259.875,10.834,-140.8498,44.0043,280.9186,14.4569,19.7114,5.0571,8.6283
1260,10.85,-132.4767,43.5935,286.1023,14.6233,19.7189,5.0474,8.6787
1260.125,10.866,-120.8129,46.1333,291.0419,13.9757,18.6371,4.8724,8.3873
1260.25,10.881,-108.1537,49.1212,289.4173,12.6236,16.6647,4.5453,7.6431
1260.375,10.897,-95.8508,55.0225,277.4756,11.7752,15.3472,4.1193,6.8555
1260.5,10.912,-81.739,59.4298,268.1009,11.4972,14.8118,4.0357,6.7946
1260.625,10.928,-64.4344,63.5757,267.0722,10.7642,13.7755,4.5174,7.3764
1260.75,10.944,-41.7204,71.5312,262.1688,9.3469,11.8422,4.0131,5.9305
1260.875,10.959,-16.9897,83.2965,256.8177,8.1588,10.2809,3.9141,5.6183
1261,10.975,1.4167,92.746,256.7785,7.5924,9.5952,4.9959,6.5716
1261.125,10.991,6.1303,86.7326,264.069,7.577,9.4955,5.3836,7.5211
1261.25,11.01,4.991,78.7024,277.2654,7.7409,9.5578,4.9218,7.7078
1261.375,11.034,10.9651,78.8518,280.1711,7.8499,9.5155,4.0781,6.4055
1261.5,11.058,26.2722,87.0688,273.8021,7.5987,9.1246,3.3494,4.4208
1261.625,11.082,45.4218,101.71,277.271,6.8625,8.2933,3.6743,4.6524
1261.75,11.106,60.2723,112.3921,280.1134,5.6473,6.9802,3.5594,4.4855
1261.875,11.13,68.9855,116.5753,278.5412,4.4313,5.6562,3.3011,4.1104
1262,11.154,72.543,113.2138,281.4727,3.9347,5.0622,3.0165,3.6972
1262.125,11.178,72.0833,109.5535,282.4499,3.9377,4.9852,4.8778,6.4
1262.25,11.202,70.8152,108.6571,279.2027,4.0323,5.0131,4.1463,5.3379
1262.375,11.226,65.8066,105.0715,275.9825,4.2265,5.174,3.7307,4.7343
1262.5,11.25,53.1045,97.6762,266.9707,4.757,5.7562,4.4643,5.9462
1262.625,11.274,32.0608,89.3098,264.0951,6.0919,7.1801,4.7893,6.8156
1262.75,11.298,5.8185,79.0759,265.5539,8.0242,9.2728,4.911,7.6213
1262.875,11.322,-18.8608,68.2818,267.2443,9.5952,10.938,4.7725,8.104
1263,11.346,-36.7631,60.4756,277.901,11.06,12.4418,4.7155,8.362
1263.125,11.37,-41.7142,60.1395,282.2039,13.8017,15.0566,4.5378,7.7585
1263.25,11.394,-35.7057,64.0612,278.2691,13.3361,14.387,4.6892,8.0314
1263.375,11.418,-19.5144,67.983,268.2736,9.3355,10.4483,4.5918,6.8481
1263.5,11.442,-1.0965,75.4156,261.3728,7.1053,8.3343,2.559,4.1042
1263.625,11.466,3.133,79.7482,277.2615,6.9465,8.1401,4.6672,6.4137
1263.75,11.49,-4.598,77.9554,284.7314,7.2693,8.2897,4.9808,7.9097
1263.875,11.514,-15.4259,70.4481,286.3495,8.3576,9.0167,4.6026,7.9496
1264,11.538,-19.9143,65.5552,286.9331,10.7248,10.9062,4.4341,7.3842
1264.125,11.562,-14.4054,72.8385,288.7324,13.7791,13.4487,3.9694,6.2258
1264.25,11.587,-3.3223,82.8856,278.414,13.194,12.9995,4.1946,6.4484
1264.375,11.611,11.3175,93.2689,263.5623,9.1644,9.3835,3.2842,4.5352
1264.5,11.635,26.9235,105.445,263.3543,5.8925,6.3671,3.3269,4.1479
1264.625,11.659,39.3075,113.774,279.9698,5.1844,5.646,3.0439,3.7369
1264.75,11.683,47.4155,118.6669,292.1282,4.4292,4.8859,3.083,3.7938
1264.875,11.707,52.7482,122.6633,295.9617,3.9931,4.3988,3.1883,3.9466
1265,11.731,57.2037,121.132,294.1092,4.0058,4.3201,3.3935,4.2445
1265.125,11.755,58.1461,116.3138,292.9946,4.0853,4.3631,3.1864,3.9439
1265.25,11.779,57.6864,112.2427,291.333,4.1734,4.4313,3.0793,3.7883
1265.375,11.803,57.9561,108.6197,289.9952,4.3036,4.5348,3.1663,3.9147
1265.5,11.827,58.9276,108.433,293.1967,4.4514,4.6553,3.4085,4.2664
1265.625,11.851,60.8393,111.6077,292.7269,4.6064,4.8008,3.2845,4.0862
1265.75,11.875,62.1763,113.7367,288.9164,4.8064,4.9777,3.2898,4.094
1265.875,11.899,63.1394,114.7451,283.9389,5.0255,5.1591,3.6778,4.6574
1266,11.923,63.1264,117.397,277.434,5.1634,5.2673,3.5481,4.4692
1266.125,11.947,62.0246,120.1609,273.3659,5.0913,5.1973,3.604,4.5502
1266.25,11.971,62.3564,122.0284,275.3165,4.9411,5.0781,3.2936,4.0995
1266.375,11.995,63.0092,124.344,281.858,4.8053,4.9705,2.9388,3.5844
1266.5,12.019,63.9922,122.1778,288.034,4.6828,4.8542,3.2237,3.9982
1266.625,12.043,63.7141,114.9692,283.2962,4.6587,4.8165,3.3913,4.2414
1266.75,12.067,62.0154,109.4788,273.6812,4.8515,4.9653,3.5444,4.4637
1266.875,12.091,58.4602,108.0221,245.4707,5.1582,5.2226,3.7312,4.7351
1267,12.115,53.863,106.939,270.9459,5.4351,5.4856,3.5267,4.7655
1267.125,12.139,50.0704,105.8558,302.4907,5.7654,5.7985,3.8214,5.46
1267.25,12.163,45.6034,100.8136,278.7395,6.3927,6.3543,4.4052,6.2261
1267.375,12.187,40.9127,94.4267,271.3527,7.6377,7.4037,4.4179,6.4203
1267.5,12.212,37.0526,90.6544,266.7652,8.8625,8.3507,5.9195,9.6426
1267.625,12.236,35.6987,96.2569,250.447,8.6977,8.1523,3.8329,5.2552
1267.75,12.26,38.3092,103.8763,247.9567,7.8369,7.4507,3.3677,4.8162
1267.875,12.284,43.6665,109.7029,264.3667,6.8575,6.6806,3.7441,4.7538
1268,12.308,49.2658,112.915,276.4011,6.0877,6.0699,2.9574,3.6285
1268.125,12.332,53.7466,112.8029,280.4258,5.3651,5.4038,3.4211,4.3958
1268.25,12.356,57.4182,118.2187,277.5054,4.8674,4.89,3.6442,4.6088
1268.375,12.38,59.2854,125.6513,281.308,4.7239,4.6884,2.8653,3.4777
1268.5,12.404,59.3567,129.7971,290.946,4.7422,4.6789,2.8027,3.3868
1268.625,12.428,60.5887,129.5357,295.118,4.6002,4.584,2.8412,3.4441
1268.75,12.452,61.6017,129.3489,293.3309,4.4196,4.4436,2.9241,3.5661
1268.875,12.476,63.2122,128.1537,293.0641,4.3616,4.3631,2.9024,3.5315
1269,12.5,65.8617,124.7175,297.9914,4.3602,4.3273,2.8694,3.4834
1269.125,12.524,67.8178,124.3067,299.6483,4.2679,4.2624,2.8452,3.4484
1269.25,12.548,67.6163,127.2573,302.2452,4.1856,4.2206,2.8505,3.4561
1269.375,12.572,65.9675,126.6224,304.1003,4.1885,4.245,2.6288,3.1341
1269.5,12.596,65.425,122.9248,306.5187,4.236,4.2903,2.8833,3.5037
1269.625,12.62,65.0572,118.5175,304.7773,4.5085,4.5034,3.1019,3.8419
1269.75,12.644,65.5897,112.3921,296.5922,5.0515,4.9151,3.2495,4.1323
1269.875,12.668,64.9331,108.5077,281.3265,5.4871,5.2662,3.6347,4.8625
1270,12.692,61.8009,104.1004,268.9695,5.5996,5.3667,3.9842,5.2116
1270.125,12.716,57.9392,100.0666,267.8858,5.6532,5.4789,3.5257,4.477
1270.25,12.74,52.7674,96.7798,275.9539,6.0161,5.8198,3.2973,4.4341
1270.375,12.764,45.0617,92.9327,280.4045,6.6352,6.3181,3.8662,5.4451
1270.5,12.788,38.0947,94.6882,268.4526,7.187,6.7178,4.2129,6.765
1270.625,12.813,37.7675,97.1533,255.5264,7.4969,6.8594,3.7514,5.4754
1270.75,12.837,43.029,97.3027,260.5239,7.4284,6.7808,3.8252,4.8715
1270.875,12.861,47.9403,99.581,275.2149,6.8913,6.4015,3.6107,4.5601
1271,12.885,51.0588,104.9968,281.8159,6.0792,5.788,3.5707,4.5019
1271.125,12.909,53.3788,111.6451,275.6333,5.4958,5.2608,3.8198,4.8637
1271.25,12.933,56.3225,119.3392,272.2329,5.1868,4.928,3.3048,4.1159
1271.375,12.957,60.588,126.9212,265.7396,4.9932,4.7404,2.8504,3.4559
1271.5,12.981,63.3103,132.3369,262.6835,4.6053,4.4369,2.0123,2.2388
1271.625,13.006,61.9273,129.4236,291.593,4.1615,4.0792,1.6928,1.9172
1271.75,13.036,58.3683,125.0163,324.7653,3.965,3.9008,1.6096,2.0104
1271.875,13.065,57.0221,124.5308,337.9016,4.0087,3.9347,2.4019,2.8884
1272,13.095,58.6365,127.5561,337.6271,4.2117,4.1048,2.6331,3.1403
1272.125,13.125,59.6655,131.702,331.5724,4.486,4.3472,2.8707,3.4855
1272.25,13.155,61.5327,127.4067,309.0636,4.66,4.5266,3.2603,4.0512
1272.375,13.185,62.2683,117.509,290.9718,4.6439,4.5315,3.3568,4.1912
1272.5,13.214,62.4138,108.8812,307.0287,4.4769,4.3734,3.0089,3.6862
1272.625,13.244,62.5096,110.8234,318.573,4.3153,4.2578,2.7547,3.3171
1272.75,13.274,62.8774,119.7874,309.6785,4.1554,4.1514,2.7652,3.3321
1272.875,13.304,64.0267,125.0537,310.5381,4.091,4.1204,2.3721,2.9509
1273,13.333,64.7814,123.2236,343.6689,4.2329,4.2473,2.7437,3.301
1273.125,13.363,64.6818,118.256,334.8137,4.4826,4.4639,3.4928,4.3888
1273.25,13.393,60.9044,117.4717,305.6466,4.7661,4.6917,3.4525,4.3304
1273.375,13.423,58.8456,121.2814,284.454,4.9955,4.8526,3.6772,4.6567
1273.5,13.452,60.9734,127.2573,273.0839,4.9449,4.7854,3.4676,4.3522
1273.625,13.482,62.7356,125.8007,284.7768,4.666,4.5681,2.8524,3.4588
1273.75,13.512,64.1148,121.5802,306.0805,4.2748,4.3221,2.8355,3.4343
1273.875,13.542,64.2067,110.4125,312.7015,4.1859,4.359,3.057,3.756
1274,13.571,61.8392,94.5388,296.5724,4.8005,4.9454,3.2828,4.19
1274.125,13.601,57.4695,83.0724,264.7467,6.574,6.3503,5.8911,8.6428
1274.25,13.631,54.5258,82.0639,234.0387,8.1293,7.5081,5.9635,9.1037
1274.375,13.661,54.5181,88.7869,214.4961,8.1383,7.6089,3.3046,4.3452
1274.5,13.69,56.2,96.481,231.5235,7.0172,6.9515,1.6944,2.9095
1274.625,13.72,57.8549,95.0243,297.1465,6.3631,6.5437,2.8226,3.6074
1274.75,13.75,56.2842,87.7411,310.4551,5.8696,6.1442,5.2874,6.995
1274.875,13.78,52.1567,89.9821,277.1605,6.4506,6.5242,5.5871,7.8793
1275,13.81,50.124,99.9172,235.1262,8.0921,7.75,8.4155,11.5375
1275.125,13.839,51.484,112.4668,223.8876,8.8519,8.3812,6.6987,9.0444
1275.25,13.869,54.9396,121.3561,230.5921,7.8046,7.6152,3.8585,4.9199
1275.375,13.899,58.7223,129.6851,267.9694,5.8054,5.9197,2.3482,3.4904
1275.5,13.929,61.8392,136.3707,337.1317,4.0674,4.3395,1.399,2.5274
1275.625,13.958,63.2528,137.79,370.2339,3.4839,3.7327,1.6981,2.3687
1275.75,13.988,63.3448,135.1008,362.8954,3.1049,3.3257,1.558,1.7031
1275.875,14.005,63.8213,134.6526,356.9192,2.8285,3.0172,1.1464,1.7429
1276,14.013,65.2871,132.9345,369.4124,2.6954,2.8778,1.1778,1.5932
1276.125,14.022,67.1474,129.3489,377.1331,2.6027,2.8016,1.3977,1.902
1276.25,14.03,68.4745,128.0043,372.183,2.5478,2.7517,1.2218,1.6867
1276.375,14.038,68.4975,127.1079,360.5174,2.7046,2.8554,1.5397,1.8646
1276.5,14.047,67.4707,126.2115,340.7103,3.0264,3.0818,2.1745,2.883
1276.625,14.055,66.808,122.8874,299.7924,3.1426,3.1774,2.095,2.5289
1276.75,14.064,67.0302,120.5344,309.9442,3.2089,3.2571,1.3254,1.902
1276.875,14.072,67.7864,121.2067,350.5066,3.202,3.2768,2.1564,2.9534
1277,14.08,68.6507,125.1657,326.3494,2.9595,3.1094,1.5022,1.5932
1277.125,14.089,68.4262,121.8043,330.988,2.7905,2.968,1.3693,1.7402
1277.25,14.097,67.9343,114.6331,352.9727,2.7616,2.9372,1.8163,1.9542
1277.375,14.105,67.4478,112.28,344.1264,2.759,2.9465,1.8977,2.3286
1277.5,14.114,67.3788,114.7078,340.2992,2.6964,2.927,1.9683,2.1749
1277.625,14.122,67.5512,117.4343,341.3483,2.7625,2.9849,2.3943,3.06
1277.75,14.13,67.5091,117.397,339.3171,2.9893,3.1623,1.7277,2.3582
1277.875,14.139,66.9674,116.7994,296.626,3.1166,3.2504,3.8141,4.8555
1278,14.147,66.3061,117.0982,310.7277,3.0805,3.2273,1.2369,1.799
1278.125,14.156,63.996,116.1271,382.7006,3.0846,3.2302,2.1211,2.3969
1278.25,14.164,63.5287,114.9319,364.9771,3.1479,3.2606,2.3888,2.7855
1278.375,14.172,64.3485,115.1933,330.6895,3.0895,3.2104,2.0918,2.3543
1278.5,14.181,65.7008,114.8572,332.5839,2.9436,3.0674,1.5838,2.1734
1278.625,14.189,64.9093,116.6873,344.1989,2.9415,3.0527,1.5677,1.7371
1278.75,14.197,63.3448,125.6139,345.5864,2.916,3.031,1.4989,1.8926
1278.875,14.206,62.148,131.1791,343.381,2.8031,2.9309,1.58,1.9441
1279,14.214,62.1763,126.5103,329.2942,2.6698,2.8019,1.2658,1.8926
1279.125,14.222,63.0789,120.8705,345.91,2.5804,2.7245,0.9913,1.172
1279.25,14.231,64.2182,116.1271,368.8594,2.5134,2.6784,1.0119,0.8554
1279.375,14.239,64.4734,114.6331,371.1879,2.4383,2.6261,1.1429,1.1822
1279.5,14.247,63.7853,115.7536,371.3654,2.4269,2.6143,1.4581,1.4341
1279.625,14.256,63.0015,119.6753,371.1571,2.5413,2.6969,1.4104,1.8552
1279.75,14.264,63.0306,120.5344,359.1603,2.6858,2.8045,1.7905,2.0416
1279.875,14.273,63.5991,118.9283,349.3152,2.7452,2.8436,2.1046,2.373
1280,14.281,64.789,117.397,342.0468,2.6932,2.7968,1.5097,1.5089
1280.125,14.289,65.402,114.4463,350.8467,2.5802,2.736,1.2307,1.5612
1280.25,14.298,64.9806,108.6571,359.3078,2.5245,2.7245,1.5838,1.6165
1280.375,14.306,63.5999,101.9714,360.2853,2.6987,2.8798,1.837,1.9877
1280.5,14.314,62.6514,97.0786,357.0201,3.2164,3.2868,8.1416,11.1508
1280.625,14.323,63.0751,96.6677,294.3931,3.6084,3.5887,4.062,5.2155
1280.75,14.331,64.0918,98.722,266.8448,3.7633,3.7183,2.1562,2.6381
1280.875,14.339,64.8389,100.6642,294.9986,3.7766,3.7426,1.3032,2.1218
1281,14.348,64.2144,104.8474,346.1518,3.5569,3.6189,1.6654,1.7351
1281.125,14.356,63.295,108.9559,357.5603,3.0153,3.2058,1.9379,2.1308
1281.25,14.365,63.0766,113.1391,343.1124,2.6285,2.8747,1.6058,1.8872
1281.375,14.373,63.5072,114.1849,347.4392,2.5735,2.8096,1.5781,1.7277
1281.5,14.381,63.8926,111.2716,364.4311,2.6348,2.8603,2.0713,2.3247
1281.625,14.39,64.268,106.7896,347.9559,2.6831,2.929,2.2923,2.6454
1281.75,14.398,63.5976,108.6571,332.4402,2.8497,3.0735,1.9785,2.1897
1281.875,14.406,62.456,113.9981,339.4876,3.1357,3.3095,2.296,2.6509
1282,14.415,61.9694,115.0066,338.5551,3.3012,3.4826,2.4408,2.8611
1282.125,14.423,62.5962,112.8403,327.8555,3.2556,3.4974,2.3136,2.6763
1282.25,14.431,63.7087,114.1102,323.7177,3.1803,3.4703,2.3334,2.7052
1282.375,14.44,64.4535,113.6993,329.9848,3.1583,3.4884,2.2598,2.5983
1282.5,14.448,63.9462,112.0186,334.6806,3.1293,3.4815,2.3893,2.8455
1282.625,14.457,62.9923,117.0982,332.8474,3.0738,3.4508,2.5536,3.0249
1282.75,14.465,62.7356,121.7296,345.4031,3.0115,3.4211,2.2744,2.6194
1282.875,14.473,63.249,120.8705,360.4757,2.9929,3.4282,2.0894,2.3508
1283,14.482,63.9309,117.397,350.6292,2.9097,3.3688,2.7878,3.3649
1283.125,14.49,64.6496,116.3138,324.6625,2.794,3.2675,1.9548,2.1554
1283.25,14.498,65.222,120.385,322.8646,2.7452,3.2079,1.8829,2.0509
1283.375,14.507,64.9906,122.2151,317.5242,2.5222,2.9967,1.4291,1.4751
1283.5,14.515,64.3753,120.9826,335.6258,2.2953,2.806,1.0081,1.1627
1283.625,14.523,64.5377,119.75,383.9784,2.2836,2.806,1.0353,1.1627
1283.75,14.532,64.6665,116.7994,384.6733,2.3849,2.9183,1.7572,1.8872
1283.875,14.54,64.6343,114.7451,352.7324,2.6853,3.1935,3.0664,3.7696
1284,14.548,64.6818,112.4668,344.7017,3.1452,3.582,3.5707,4.6049
1284.125,14.557,63.9539,116.2391,323.7906,3.5164,3.9221,4.1168,5.295
1284.25,14.565,63.2183,121.3561,308.7213,3.645,4.0725,2.6954,3.2308
1284.375,14.574,62.9195,122.1031,320.9765,3.515,3.9908,2.8019,3.3855
1284.5,14.582,63.4482,123.0742,330.8191,3.2938,3.8106,2.8318,3.4289
1284.625,14.59,64.1477,127.0332,345.1664,2.9861,3.5461,1.7685,2.0124
1284.75,14.599,63.9999,121.5802,353.4483,2.7966,3.3636,2.8688,3.4826
1284.875,14.607,63.0191,118.5922,338.023,2.772,3.3273,2.5402,3.0054
1285,14.615,62.0614,120.2356,320.7944,2.7441,3.3104,2.0273,2.2607
1285.125,14.624,62.2759,117.8825,326.6305,2.7718,3.3583,2.2044,2.5177
1285.25,14.632,62.3755,113.7367,335.5187,2.9182,3.5282,2.9907,3.6597
1285.375,14.64,62.636,112.28,337.1137,3.1338,3.7519,3.0297,3.8438
1285.5,14.649,62.9578,111.5704,339.7514,3.5655,4.1263,4.0948,5.9321
1285.625,14.657,62.5042,112.9897,314.2266,4.0751,4.5644,4.7298,6.1853
1285.75,14.666,62.1955,118.8163,287.8568,4.262,4.7239,4.1249,5.3067
1285.875,14.674,62.2491,126.4356,289.9888,4.0408,4.5384,3.2476,4.0328
1286,14.682,62.2989,130.9923,304.649,3.6514,4.2165,1.7095,2.3792
1286.125,14.691,62.659,129.2369,320.0293,3.1893,3.8021,2.2671,2.609
1286.25,14.699,63.3639,124.4934,326.8431,2.9516,3.5374,2.9795,3.6433
1286.375,14.707,63.8106,119.8621,313.6302,2.9335,3.4826,2.5342,2.9968
1286.5,14.716,63.4788,118.4428,313.5409,3.0137,3.5502,2.6255,3.1294
1286.625,14.724,61.9656,115.9777,319.4403,3.1713,3.7269,3.0938,3.8094
1286.75,14.732,61.2454,113.7367,312.874,3.6678,4.1832,2.6508,3.5123
1286.875,14.741,61.1396,115.0813,314.8438,4.3817,4.7811,4.4293,6.0775
1287,14.749,61.8468,116.0524,298.7396,4.6372,4.9649,2.9134,3.5474
1287.125,14.758,63.0268,114.2596,276.0571,4.2902,4.6626,1.8734,2.0371
1287.25,14.766,63.2643,114.409,299.9007,4.0551,4.4667,1.4398,1.6508
1287.375,14.774,63.0306,120.1609,339.2876,3.6634,4.1146,2.1855,2.6119
1287.5,14.783,63.0345,132.9345,337.8791,2.9702,3.4652,1.4506,1.4995
1287.625,14.791,63.7187,139.7322,342.1748,2.6447,3.1176,1.735,1.8362
1287.75,14.799,64.6818,140.4045,357.1589,2.7266,3.1182,2.0047,2.4268
1287.875,14.808,65.1109,137.4912,345.7074,2.8038,3.1502,2.0975,2.4619
1288,14.816,64.7584,131.5899,325.535,2.6752,3.0408,1.5988,1.9674
1288.125,14.824,63.8558,126.2115,310.3306,2.585,2.9898,1.3827,1.3745
1288.25,14.833,63.4252,126.2115,334.6694,2.7399,3.1674,1.7422,1.9464
1288.375,14.841,63.0521,122.8501,361.602,3.1694,3.5672,2.5181,3.6168
1288.5,14.849,62.4062,116.9488,336.2253,3.7246,4.0412,5.158,7.484
1288.625,14.858,62.7586,110.7487,287.0997,4.2332,4.4162,3.2307,4.8692
1288.75,14.866,62.7969,107.2378,272.4467,4.5756,4.6953,2.2045,3.0772
1288.875,14.875,62.0598,106.8643,293.1771,4.3929,4.606,3.271,4.3463
1289,14.883,61.6323,108.7318,318.3563,3.9994,4.3221,1.6944,2.9579
1289.125,14.891,61.807,109.3294,319.6109,3.7269,4.0787,2.232,3.427
1289.25,14.9,62.9042,111.1969,324.2247,3.7368,4.0079,3.7403,4.7484
1289.375,14.908,63.9669,117.7705,309.5452,3.7116,3.9042,2.5126,2.9653
1289.5,14.916,64.3217,127.4067,284.6703,3.5208,3.6886,1.7459,1.8521
1289.625,14.925,63.9324,131.8514,312.0255,3.3816,3.5453,1.6359,1.7044
1289.75,14.933,63.5899,133.0839,341.5781,3.1537,3.3447,1.6611,1.753
1289.875,14.941,63.8566,130.7309,349.252,2.8734,3.0657,1.46,1.6545
1290,14.95,64.4289,126.2115,347.1339,2.8566,2.9905,2.0198,2.2497
1290.125,14.958,65.0633,120.6464,327.6371,2.8487,2.9646,1.3604,1.406
1290.25,14.967,65.2679,113.5873,333.9995,2.7176,2.8685,1.0666,1.1814
1290.375,14.975,64.6396,112.6909,362.3791,2.6256,2.8002,1.0557,0.9627
1290.5,14.983,63.9692,115.3054,379.8102,2.5956,2.7681,1.3625,1.537
1290.625,14.992,64.0267,115.7162,358.014,2.5495,2.7312,1.7019,1.9078
1290.75,15,64.3332,114.1102,333.8404,2.7415,2.8696,1.2218,1.6399
